Name,Category,Popularity,Latitude,Longitude
Trevi Fountain,,Priority,41.90092624,12.48331674
Eiffel Tower,,Priority,48.85834003,2.29438159
Colosseum,,Priority,41.89021011,12.49223308
Prophet's Mosque,,Priority,24.4675155,39.6112161
Gateway Of India Mumbai,,Priority,18.92195332,72.83466533
Louvre Museum,,Priority,48.86061119,2.337607626
Louvre Museum,,Priority,48.86060443,2.337596602
Disneyland Paris,,Priority,48.86739985,2.78360126
Basílica de la Sagrada Família,,Priority,41.40360849,2.174284352
Ibirapuera Park,,Priority,-23.58596403,-46.6584378
Central Park,,Priority,40.78259526,-73.96564833
Dubai Mall,,Priority,25.19720482,55.27975538
Arc de Triomphe,,Priority,48.87379023,2.295025408
Arc de Triomphe,,Priority,48.87378509,2.295018112
Arc de Triomphe,,Priority,48.87381198,2.295018113
India Gate,Visited,Priority,28.61294003,77.22949125
Charminar,,Priority,17.36159421,78.47464058
Magic Kingdom Park,,Priority,28.41890076,-81.58183558
Taj Mahal,,Priority,27.17511628,78.04202118
Times Square,,Priority,40.75792669,-73.98555413
Times Square,,Priority,40.75797417,-73.98554666
Beto Carrero World,,Priority,-26.79985492,-48.61365266
Piazza Navona,,Priority,41.89916324,12.47308812
Mercat de la Boqueria,,Priority,41.38175587,2.171559463
Vatican Museums,,Priority,41.90648444,12.45364464
Sri Harmandir Sahib,,Priority,31.62000165,74.87654527
London Eye,,Priority,51.50317636,-0.119501439
Europa-Park,,Priority,48.26604077,7.72201833
Prague Castle,,Priority,50.0911034,14.4015769
Prague Castle,,Priority,50.09109971,14.40161336
Buckingham Palace,,Priority,51.5013575,-0.141908078
Casa Batlló,,Priority,41.39169394,2.164866638
Tower of Pisa,,Priority,43.72295955,10.3965598
Brandenburg Gate,,Priority,52.51628346,13.37768512
Brandenburg Gate,,Priority,52.5162874,13.37773403
Eco Park,,Priority,22.6004126,88.47061281
Tower Bridge,,Priority,51.50548195,-0.075539665
Saint Peter’s Basilica,,Priority,41.90215346,12.45395225
Schönbrunn Palace,,Priority,48.18581054,16.31276201
Saint Peter’s Basilica,,Priority,41.90218223,12.45394893
Amber Palace,,Priority,26.98543342,75.85134796
Universal Studios Hollywood,,Priority,34.13707354,-118.3533122
The British Museum,,Priority,51.51940043,-0.126956923
The British Museum,,Priority,51.51941326,-0.126961689
Red Square,,Priority,55.7539385,37.62074459
Lalbagh Botanical Garden,,Priority,12.94940518,77.58463724
Red Fort,Visited,Priority,28.65617079,77.24101367
Palace of Versailles,,Priority,48.80487183,2.120296456
Qutub Minar,After Summers,Priority,28.5245134,77.1855177
Hawa Mahal,,Priority,26.92405529,75.82670737
The Alhambra,,Priority,37.17607367,-3.588155963
DLF Mall of India,,Priority,28.56731584,77.32120803
Camden Market,,Priority,51.54141892,-0.146517526
Marienplatz,,Priority,48.13739008,11.57543202
Universal Studios Japan,,Priority,34.66567997,135.4323118
Select City Walk Mall,Visited,Priority,28.5284661,77.2192153
Roman Forum,,Priority,41.89209307,12.48644429
National Mall,,Priority,38.88751377,-77.03640263
Acropolis of Athens,,Priority,37.97154873,23.72573393
Hyde Park,,Priority,51.50856309,-0.160883795
Agra Fort,,Priority,27.17954639,78.02110429
Golconda Fort,,Priority,17.38331942,78.40104546
Trafalgar Square,,Priority,51.5080398,-0.128061312
Hagia Sophia Grand Mosque,,Priority,41.00856678,28.98016083
Hagia Sophia Grand Mosque,,Priority,41.00861281,28.98015592
PIER 39,,Priority,37.80864741,-122.4098439
Chichén Itzá,,Priority,20.68429489,-88.56777799
Prater,,Priority,48.21546357,16.40017215
Bannerughatta Biological Park,,Priority,12.79857766,77.56780502
Niagara Falls,,Priority,43.08796344,-79.08152632
Sri Chamarajendra Zoological Gardens (Mysuru Zoo),,Priority,12.30236768,76.66393059
Inorbit Mall Cyberabad,,Priority,17.43356564,78.38649122
Christ the Redeemer,,Priority,-22.95189073,-43.21050334
St. Stephen's Cathedral,,Priority,48.20841258,16.37344566
Howrah Bridge,,Priority,22.58507854,88.34685953
Plitvice Lakes National Park,,Priority,44.86540415,15.58200117
Iguazu Falls,,Priority,-25.69525744,-54.43666786
Nexus Elante Mall,,Priority,30.70576998,76.80093553
Jardin du Luxembourg,,Priority,48.84660027,2.336323744
Empire State Building,,Priority,40.74846001,-73.98530634
Sanctuary of Our Lady of Fátima,,Priority,39.63125481,-8.673175577
Mont Saint-Michel,,Priority,48.63611136,-1.511241185
Harrods,,Priority,51.49939572,-0.163235001
Tokyo Disneyland,,Priority,35.63291205,139.8803858
Tower of London,,Priority,51.50809306,-0.075989814
Tuileries Garden,,Priority,48.8635127,2.327481543
Xcaret Park,,Priority,20.58091393,-87.11969845
The Great Indian Palace,,Priority,28.56754455,77.32618157
Central Market Hall,,Priority,47.48708021,19.05849289
The Blue Mosque,,Priority,41.00540637,28.97680283
Castle District,,Priority,47.50182509,19.0333503
MGM Grand,,Priority,36.10362083,-115.1676152
Statue of Liberty,,Priority,40.68929025,-74.04456724
Galleria Vittorio Emanuele II,,Priority,45.46582076,9.189909722
Rijksmuseum,,Priority,52.36008926,4.885733792
Musée d'Orsay,,Priority,48.85996829,2.326573786
Tokyo Skytree,,Priority,35.71005254,139.8106654
Neuschwanstein Castle,,Priority,47.55757356,10.74979592
Giza Necropolis,,Priority,29.97730315,31.1324955
Neuschwanstein Castle,,Priority,47.55758099,10.74978699
Fisherman's Bastion,,Priority,47.50217722,19.03478197
Atomium,,Priority,50.89489749,4.341490147
V&A Waterfront,,Priority,-33.90803332,18.42013377
La Pedrera - Casa Milà,,Priority,41.39521136,2.161892217
Cathedral of Santa Maria del Fiore,,Priority,43.77315998,11.25600378
Express Avenue,,Priority,13.05843361,80.26417957
Miniatur Wunderland,,Priority,53.54381684,9.989122383
Universal Islands of Adventure,,Priority,28.4716846,-81.47019604
Bashundhara City Shopping Complex,,Priority,23.7511626,90.3906492
Edinburgh Castle,,Priority,55.94859484,-3.199922933
Imagicaa,,Priority,18.76788402,73.28213683
"Aguada Fort
",,Priority,15.49221078,73.77374059
Shilparamam Art & Craft Village,,Priority,17.45255799,78.37828658
Borobudur ,,Priority,-7.607884227,110.2038369
Castel Sant'Angelo,,Priority,41.90304791,12.46630526
Petronas Twin Towers,,Priority,3.15745292,101.7115998
Van Gogh Museum,,Priority,52.35819356,4.882106534
National Palace of Pena,,Tier I,38.78756595,-9.390637113
NTR Gardens.,,Tier I,17.4131154,78.46975412
Nehru Zoological Park,,Tier I,17.3507139,78.4517839
City Palace,,Tier I,24.57584195,73.68347426
Castelo de São Jorge,,Tier I,38.71390869,-9.133477604
Warner Bros Studio Tour: The Making of Harry Potter,,Tier I,51.69013846,-0.417981081
Jallianwala Bagh,,Tier I,31.62078475,74.88018207
Science City,,Tier I,22.54013157,88.39606226
Nandankanan Zoological Park,,Tier I,20.39576995,85.82592626
Cologne Cathedral,,Tier I,50.94131891,6.958259944
Sistine Chapel,,Tier I,41.90297027,12.45448035
Millennium Park,,Tier I,41.88255042,-87.62254943
9/11 Memorial & Museum,,Tier I,40.71160994,-74.01330544
Tokyo Tower,,Tier I,35.65860926,139.7453667
The Metropolitan Museum of Art,,Tier I,40.77943796,-73.96324357
Diocletian's Palace,,Tier I,43.5082673,16.44016519
Galeries Lafayette Haussmann,,Tier I,48.87361172,2.332093935
Big Ben,,Tier I,51.5007368,-0.124641866
Amalfi Coast,,Tier I,40.63334048,14.60289017
Palace Square,,Tier I,59.93894733,30.31496834
Brooklyn Bridge,,Tier I,40.70609739,-73.99685924
Tivoli Gardens,,Tier I,55.67368452,12.56814594
Statue Of Unity,,Tier I,21.83831974,73.71922186
Magic Fountain of Montjuïc,,Tier I,41.37113546,2.1517546
Plaza de Bolívar,,Tier I,4.598234106,-74.07605976
Osaka Castle,,Tier I,34.68732457,135.5258049
Osaka Castle,,Tier I,34.68729129,135.5258287
Sydney Opera House,,Tier I,-33.85679106,151.2152862
Feroz Shah Kotla Fort,Closes at 7 PM,Tier I,28.63501004,77.24265049
Museo Nacional de Antropología,,Tier I,19.42608874,-99.18626925
Museo Nacional de Antropología,,Tier I,19.4260532,-99.18634197
Gorky Central Park of Culture and Leisure,,Tier I,55.72834052,37.60127532
Gandhi Maidan,,Tier I,25.6175698,85.14513083
Golden Gate Bridge,,Tier I,37.81994288,-122.4785805
Historic Sanctuary of Machu Picchu,,Tier I,-13.16331891,-72.54520937
Parthenon,,Tier I,37.97155314,23.72670663
Teatro Colón,,Tier I,-34.60116103,-58.38332969
Heroes' Square,,Tier I,47.51493471,19.07786471
Magic Water Circuit of the Reserve Park,,Tier I,-12.07033694,-77.03304179
Belvedere Palace,,Tier I,48.19147311,16.38092716
Rhine Falls,,Tier I,47.67795029,8.615570949
Fushimi Inari Taisha,,Tier I,34.96769495,135.7791868
Madame Tussauds London,,Tier I,51.52325053,-0.15390285
Rhine Falls,,Tier I,47.67807944,8.615422435
Jamuna Future Park,,Tier I,23.81361939,90.42417034
Peterhof,,Tier I,59.88629324,29.90855175
Archaeological Park of Pompeii,,Tier I,40.75121377,14.48868072
Dotonbori,,Tier I,34.66871444,135.5012866
Victoria Memorial,,Tier I,22.54469465,88.34248182
Acropolis Museum,,Tier I,37.96844912,23.72850917
Lumbini Park,,Tier I,17.40935827,78.47201407
Notre-Dame Cathedral of Paris,,Tier I,48.8530016,2.34986434
Notre-Dame Cathedral of Paris,,Tier I,48.85298824,2.349874604
Notre-Dame Cathedral of Paris,,Tier I,48.85299494,2.349862578
Emporium Mall,,Tier I,31.46788474,74.26598745
"Dubai Aquarium & Underwater Zoo
",,Tier I,25.19750365,55.2785005
Nahargarh Fort,,Tier I,26.94013237,75.8170337
Salar Jung Museum,,Tier I,17.37157735,78.48022882
Cyber Hub,Visited,Tier I,28.4950471,77.08909928
Anne Frank House,,Tier I,52.37525069,4.883991183
Batu Caves,,Tier I,3.237788491,101.6840845
Science Museum,,Tier I,51.49764603,-0.175783968
The Grand Palace,,Tier I,13.72385816,100.5373986
Monument to Victor Emmanuel II,,Tier I,41.89457986,12.48313007
Quest Mall,,Tier I,22.53895231,88.36574712
Puerto Vallarta Malecon,,Tier I,20.61117781,-105.2346303
"Shah Faisal Masjid, Islamabad",,Tier I,33.72993407,73.03720506
St. Stephen's Basilica,,Tier I,47.50088352,19.05398917
Gurudwara Sis Ganj Sahib,Spare it,Tier I,28.65595726,77.2325063
Peleș Castle,,Tier I,45.35995943,25.5426564
Top of The Rock,,Tier I,40.75937358,-73.9794294
Parque das Aves,,Tier I,-25.61391072,-54.48256844
Mehrangarh Fort,,Tier I,26.29816875,73.0186099
Keukenhof,,Tier I,52.26972167,4.546916285
Tulum,,Tier I,20.21495868,-87.42942573
Mandalay Bay Beach,,Tier I,36.0921929,-115.1748998
Nara Park,,Tier I,34.68504791,135.8430123
Heide Park Resort,,Tier I,53.02366816,9.878197294
UB City,,Tier I,12.97157981,77.5959142
English Garden,,Tier I,48.16423313,11.60554024
Sinhagad Fort,,Tier I,18.36634062,73.75588644
Knott's Berry Farm,,Tier I,33.84430044,-118.0002209
The High Line,,Tier I,40.74799155,-74.00476989
N Seoul Tower,,Tier I,37.55120977,126.988252
Victoria and Albert Museum,,Tier I,51.49663267,-0.172159183
Panthéon,,Tier I,48.8462152,2.34635891
The Alamo,,Tier I,29.42602265,-98.48618691
San Diego Zoo,,Tier I,32.7360353,-117.1509823
"The STRAT Hotel, Casino & Tower",,Tier I,36.14754611,-115.1565446
Sanjay Gandhi National Park,,Tier I,19.22046314,72.91279904
Lotus Temple,Spare it,Tier I,28.55348255,77.25884786
Marina Beach,,Tier I,13.04790577,80.282153
Buda Castle,,Tier I,47.49621924,19.03952369
Stonehenge,,Tier I,51.17890215,-1.826178826
"Wonderla Amusement Park, Hyderabad",,Tier I,17.21725771,78.52847044
Kinkaku-ji,,Tier I,35.03936712,135.7292454
Windsor Castle,,Tier I,51.48402755,-0.603834061
Széchenyi Thermal Bath,,Tier I,47.51865413,19.08238703
Hong Kong Disneyland,,Tier I,22.31296264,114.0412768
East Side Gallery,,Tier I,52.50501916,13.43969282
The Egyptian Museum in Cairo,,Tier I,30.04832594,31.23364594
Jaisalmer Fort,,Tier I,26.91242755,70.91261066
Darling Harbour,,Tier I,-33.87489392,151.2008902
Heidelberg Castle,,Tier I,49.41061125,8.715315323
Széchenyi Chain Bridge,,Tier I,47.49897505,19.04370981
Château de Chambord,,Tier I,47.61584508,1.51689293
Kazan Kremlin,,Tier I,55.79932066,49.10599527
Khan Market,Visited,Tier I,28.60017198,77.22695283
Tsaritsyno Museum-Reserve,,Tier I,55.61168122,37.68611349
Vienna State Opera,,Tier I,48.20342528,16.36920209
Sheikh Zayed Grand Mosque,,Tier I,24.41282148,54.47495682
Sheikh Zayed Grand Mosque,,Tier I,24.41678662,54.46836625
Schönbrunn Palace Park,,Tier I,48.18024823,16.30984079
State Hermitage Museum,,Tier I,59.9398424,30.31457202
Vondelpark,,Tier I,52.35811247,4.869174122
Red Rocks Park and Amphitheatre,,Tier I,39.66559644,-105.2051402
"Ferrari World Yas Island, Abu Dhabi",,Tier I,24.48436315,54.60770899
Schönbrunn Zoo,,Tier I,48.18208687,16.30278057
The National Gallery,,Tier I,51.50893858,-0.128272694
The Centre Pompidou,,Tier I,48.86065477,2.352226048
Jerónimos Monastery,,Tier I,38.69792447,-9.206724549
Fountains of Bellagio,,Tier I,36.1127186,-115.1739247
Queen Victoria Market,,Tier I,-37.80759665,144.9567261
Kempty Falls,,Tier I,30.48781817,78.03668626
Ellora Caves,,Tier I,20.02675499,75.17706861
Pragati Maidan,Visited 8 years ago,Tier I,28.61899086,77.2441224
Hofburg,,Tier I,48.20564886,16.36477225
Tsukiji Outer Market,,Tier I,35.66477025,139.7702504
Himeji Castle,,Tier I,34.83943203,134.6938746
Jardin Majorelle,,Tier I,31.64122132,-8.003207513
National Palace of Sintra,,Tier I,38.79767862,-9.390616537
The Moscow Kremlin,,Tier I,55.75094228,37.61757334
Yosemite National Park,,Tier I,37.86510161,-119.5383266
Mayajaal Multiplex,,Tier I,12.8480088,80.23986826
Osaka Aquarium Kaiyukan,,Tier I,34.65455254,135.4289398
Jama Masjid,Visited 8 years ago,Tier I,28.65067879,77.23344787
Lincoln Memorial,,Tier I,38.88924497,-77.05016212
Indian Museum,,Tier I,22.55782669,88.35109974
Nek Chand’s Rock Garden of Chandigarh,,Tier I,30.75297875,76.80505331
St. Paul's Cathedral,,Tier I,51.51383329,-0.09835065
India Habitat Centre,,Tier I,28.58968187,77.22556662
Mercedes-Benz Museum,,Tier I,48.78814452,9.233981003
Abeno Harukas,,Tier I,34.64606999,135.5134723
"LEGOLAND® Billund Resort
",,Tier I,55.73510446,9.130901973
"Sanjay Gandhi Biological Park, Patna",,Tier I,25.6002837,85.09911073
"Royal Botanic Gardens, Kew",,Tier I,51.4787635,-0.295638454
Palau de la Música Catalana,,Tier I,41.38759106,2.175252351
USS Midway Museum,,Tier I,32.71377098,-117.1751322
Fortress Hohensalzburg,,Tier I,47.79494123,13.04765922
Palais des Papes,,Tier I,43.95087457,4.807683319
Lodhi Gardens,Visited 8 years ago,Tier I,28.59332117,77.22095304
Berlin TV Tower,,Tier II,52.52080317,13.40941453
Belgrade Fortress,,Tier II,44.82411734,20.45011829
Great Smoky Mountains National Park,,Tier II,35.61304749,-83.55315342
Chowmahalla Palace,,Tier II,17.35807333,78.47163923
VMRDA INS Kursura Submarine Museum,,Tier II,17.71718124,83.3301166
Indian Habitat Centre,Closes at 6 pm,Tier II,28.58968075,77.22550656
Stanley Park,,Tier II,49.30424624,-123.1443451
"Chittorgarh Fort
",,Tier II,24.88388538,74.64738734
Kolomenskoye,,Tier II,55.67042041,37.66946647
St. Isaac's Cathedral,,Tier II,59.93392109,30.30653047
Memorial to the Murdered Jews of Europe,,Tier II,52.51392776,13.37870197
Corvin's Castle,,Tier II,45.74935576,22.88824425
Santa Cruz Beach Boardwalk,,Tier II,36.96452125,-122.0166673
Westminster Abbey,,Tier II,51.49939155,-0.126931168
The Grand Venice Mall,,Tier II,28.45260459,77.52628905
Gold Museum,,Tier II,4.601901428,-74.07208344
Lotte World,,Tier II,37.5111583,127.0981564
Ramoji Film City,,Tier II,17.26412677,78.68182304
"Wonderla Amusement Park, Kochi",,Tier II,9.984480497,76.33275135
Dolmen Mall - Clifton,,Tier II,24.80213061,67.0300216
Bara Imambara,,Tier II,26.86857387,80.91270948
Papal Basilica of Saint Mary Major,,Tier II,41.89759867,12.49845144
DLF Promenade Mall,Visited,Tier II,28.54236831,77.15626726
"Magneto The Mall
",,Tier II,21.24090916,81.68419841
Sainte-Chapelle,,Tier II,48.85540228,2.344919024
Budapest Zoo & Botanical Garden,,Tier II,47.51899831,19.07764151
Sabarmati Riverfront Flower Park,,Tier II,23.01645899,72.5733924
Jemaa el-Fnaa,,Tier II,31.62596807,-7.98905446
Petra,,Tier II,30.32847283,35.44437519
Lindt Chocolate Museum,,Tier II,50.93164489,6.963822423
Peter and Paul Fortress,,Tier II,59.95005573,30.31667953
Mini Mundo,,Tier II,-29.38430063,-50.87580397
Berlin Wall Memorial,,Tier II,52.53505,13.39018263
Shakarparian National Park,,Tier II,33.68998811,73.09365582
Yellowstone National Park,,Tier II,44.59792123,-110.5612463
Ramna Park,,Tier II,23.73758926,90.40128891
Fenway Park,,Tier II,42.34668428,-71.09720394
Delhi Zoo,Closes at 5:30 pm,Tier II,28.60674531,77.24538774
The National Zoological Park,Closes at 5:30 pm,Tier II,28.60668924,77.24541936
Designer Outlet Parndorf,,Tier II,47.97591863,16.85191612
San Antonio River Walk,,Tier II,29.42297194,-98.48603637
Monterey Bay Aquarium,,Tier II,36.6182658,-121.901961
BMW Museum,,Tier II,48.17681955,11.55909426
Gwangjang Market,,Tier II,37.57004127,126.9996039
Golden Gate Park,,Tier II,37.76892676,-122.4829888
Royal Gallery of Saint Hubert,,Tier II,50.84808473,4.355249802
Alcatraz Island,,Tier II,37.82697537,-122.4229551
The Royal Palace,,Tier II,59.32681059,18.07175586
Agrasen ki Baoli,Closes at 5:30 pm,Tier II,28.62608079,77.2250369
VR Punjab,,Tier II,30.73777449,76.67920235
Akshardham Temple,Spare it,Tier II,28.61269624,77.27721592
Gwalior Fort,,Tier II,26.23136981,78.16952022
Nürburgring,,Tier II,50.33277649,6.945034128
Lake District National Park,,Tier II,54.49011309,-2.89265005
Kennedy Space Center Visitor Complex,,Tier II,28.52188784,-80.68153195
Shinjuku Gyoen National Garden,,Tier II,35.68516926,139.7100615
Humayun’s Tomb,Closes early,Tier II,28.5933091,77.25075232
DB City Mall,,Tier II,23.23274499,77.43025398
Angkor Wat,,Tier II,13.41259284,103.8668664
Eden Gardens,,Tier II,22.56459108,88.34311028
Imperial Castle of Nuremberg,,Tier II,49.45801467,11.07565535
Les Machines de l'Île,,Tier II,47.20616519,-1.564442071
Dilli Haat,After Summers,Tier II,28.57339879,77.20750397
Dilli Haat,Got negative Review from Relative,Tier II,28.5733809,77.20753255
LuLu Mall Thiruvananthapuram,,Tier II,8.512526328,76.89713027
Royal Ontario Museum,,Tier II,43.66769449,-79.39475273
Church of Saint Sava,,Tier II,44.79803463,20.46901092
Phoenix Park,,Tier II,53.35601024,-6.329480679
Jantar Mantar,,Tier II,26.92477154,75.82455597
VGP Universal Kingdom,,Tier II,12.91421061,80.25056176
Museum of Natural History Vienna,,Tier II,48.20520216,16.35984883
Dazaifu-tenmangu Shrine,,Tier II,33.521359,130.5348216
Mahendra Chaudhary Zoological Park,,Tier II,30.74704919,76.78290968
Titanic Belfast,,Tier II,54.60810444,-5.909934127
Nijō Castle,,Tier II,35.01403383,135.7484149
"Rock Beach
",,Tier II,11.93388496,79.83617958
Rock Beach,,Tier II,11.93389838,79.83618847
Topography of Terror,,Tier II,52.50674041,13.38374209
Shirakawa-go,,Tier II,36.25780407,136.9061899
Jalavihar Water Park,,Tier II,17.43293051,78.46474832
Elephanta Caves,,Tier II,18.96335743,72.9314981
Baga Beach,,Tier II,15.55684231,73.7512558
Osh Bazaar,,Tier II,42.87495122,74.57025273
James Prinsep Monument,,Tier II,22.55528871,88.3311393
Kumbhalgarh Fort,,Tier II,25.15297856,73.58698081
Candolim Beach,,Tier II,15.51799545,73.7626181
Teide National Park,,Tier II,28.2538881,-16.61823601
Tsutenkaku,,Tier II,34.65249835,135.5063019
Basílica de Santa Maria del Mar,,Tier II,41.38387867,2.182066828
Alba-Carolina Citadel,,Tier II,46.06852217,23.57164469
BMW Welt,,Tier II,48.17719329,11.55629988
The Roman Baths,,Tier II,51.38108527,-2.359614671
Green Bazaar,,Tier II,43.26421432,76.9547506
Umeda Sky Building,,Tier II,34.70535343,135.4895635
Новосибирский зоопарк имени Р.А. Шило,,Tier II,55.05650329,82.88907153
Alleppey Beach,,Tier II,9.492862747,76.31761206
Swarovski Kristallwelten,,Tier II,47.29380685,11.60081292
Hallstatt Village,,Tier II,47.29380952,11.60080722
Nami Island,,Tier II,37.78993232,127.5258104
Swarovski Kristallwelten,,Tier II,47.29382576,11.60081131
Aquaventure World,,Tier II,25.13101596,55.11444941
The Art Institute of Chicago,,Tier II,41.87960144,-87.62235731
Frauenkirche Dresden,,Tier II,51.05187199,13.74151704
Hohenschwangau Castle,,Tier II,47.55567506,10.73638543
Rushikonda Beach,,Tier II,17.782647,83.38511615
Museu Nacional d'Art de Catalunya,,Tier II,41.36845834,2.153563703
Pont du Gard,,Tier II,43.94756594,4.534946527
Notre-Dame Basilica of Montreal,,Tier II,45.50456925,-73.55612252
Notre-Dame Basilica of Montreal,,Tier II,45.5045619,-73.55619995
Chapel Bridge,,Tier II,47.05164902,8.307533126
Chapel Bridge,,Tier II,47.05164996,8.307522381
MGF Metropolitan Mall,,Tier II,28.4809363,77.08027609
Gazprom Arena,,Tier II,59.97271721,30.22136148
Wrigley Field,,Tier II,41.94845433,-87.65530451
SkyJumper Trampoline Park - Chandigarh,,Tier II,30.65082653,76.82224711
Curlies Beach Sack,,Tier II,15.56942378,73.74217839
Snow Kingdom,,Tier II,12.91324598,80.25129245
Snow Kingdom,,Tier II,12.91329816,80.25131311
Taronga Zoo Sydney,,Tier II,-33.84354862,151.2413382
HAL Heritage Centre and Aerospace Museum,,Tier II,12.95464385,77.68090658
Griffin Museum of Science and Industry,,Tier II,41.78769853,-87.58375374
Sahara Mall,,Tier II,28.47937337,77.08622941
Kyiv-Pechersk Lavra,,Tier II,50.43495211,30.55727578
Kyiv-Pechersk Lavra,,Tier II,50.43496583,30.55733498
Itsukushima Jinja,,Tier II,34.29598596,132.3198217
Itsukushima Jinja,,Tier II,34.29599157,132.3198323
Walls of Cartagena,,Tier II,10.42959061,-75.54492682
Welcome to Fabulous Las Vegas Sign,,Tier II,36.08207376,-115.172782
Albertina,,Tier II,48.20469586,16.36818357
Buddha Smriti Park,,Tier II,25.60665568,85.13610204
Assam State Zoo cum Botanical Garden,,Tier II,26.16360689,91.78137132
Stirling Castle,,Tier II,56.12291881,-3.945588304
Borra Caves,,Tier II,18.28069287,83.03966273
"Crown Interiorz Mall
",,Tier II,28.46958248,77.30685485
Atomic Bomb Dome,,Tier II,34.39546128,132.4535417
Kunsthistorisches Museum Wien,,Tier II,48.20380155,16.36178451
Jatayu Earth's Center,,Tier II,8.860833736,76.8664667
Jantar Mantar,Visited,Tier II,28.6270829,77.21659451
ISKCON Temple - Glory of India,,Tier II,28.556294,77.25390038
Damnoen Saduak Floating Market,,Tier II,13.5200403,99.95886117
Natural History Museum,,Tier II,51.49673375,-0.176369034
Buddha Eden,,Tier II,39.27555451,-9.138489231
Baitul Mukarram National Mosque,,Tier II,23.72941287,90.41275397
Baitul Mukarram National Mosque,,Tier II,23.7294348,90.41273353
Place du Capitole,,Tier II,43.60442776,1.443346263
Mirabell Palace,,Tier II,47.80543869,13.0416923
Kingdom of Dreams,Permanently Closed,Tier II,28.46790408,77.06884369
Kingdom of Dreams,,Tier II,28.46786635,77.06890688
Kingdom of Dreams,Permanently Closed,Tier II,28.46786635,77.06892952
Purana Qila,Closes at 5 pm,Tier II,28.60960108,77.2437273
Bangladesh National Zoo,,Tier II,23.81224864,90.34692636
Gamcheon Culture Village,,Tier II,35.09739273,129.0105928
Lalbagh Fort,,Tier II,23.71883094,90.38814223
Warner Bros. Movie World,,Tier II,-27.90693798,153.3130805
Jumeirah Burj Al Arab,,Tier II,25.1411712,55.18524115
Batalha Monastery,,Tier II,39.65917499,-8.825566696
Dongdaemun Design Plaza (DDP),,Tier II,37.56653751,127.0092431
Jim Corbett National Park,,Tier II,29.55212678,78.88318205
Kensington Palace,,Tier II,51.50498887,-0.187683561
Madame Tussauds Amsterdam,,Tier II,52.37259371,4.892574569
Santa Claus Village,,Tier II,66.54413901,25.84749271
Sri Dalada Maligawa,,Tier II,7.293606667,80.64132331
Sri Dalada Maligawa,,Tier II,7.29361264,80.64132272
The State Tretyakov Gallery,,Tier II,55.74137084,37.62079768
Fundera park - Birds park,,Tier II,12.56381829,78.6432033
"Radisson Hotel, Rosa Khutor",,Tier II,43.67278052,40.29751249
Udayagiri and Khandagiri Caves,,Tier II,20.26254315,85.78457103
Raj Ghat,Visited During School,Tier II,28.64061538,77.24949638
Worlds of Wonder,During Summers,Tier II,28.5635355,77.32462287
Henry Ford Museum of American Innovation,,Tier II,42.30345547,-83.23421756
Banff National Park,,Tier II,51.49682518,-115.9280559
Port Grand - Karachi,,Tier II,24.84465146,66.99090741
National Museum of African American History and Culture,,Tier II,38.89105632,-77.03261918
Imperial War Museum,,Tier II,51.49506761,-0.109926315
Sanctuary of Truth,,Tier II,12.97288767,100.8891223
National Railway Museum York,,Tier II,53.96048289,-1.096343057
Deltin Royaleq,,Tier II,15.50170082,73.8275579
Worlds of Wonder,,Tier II,28.56347897,77.32461145
Melbourne Cricket Ground,,Tier II,-37.81994143,144.9834056
Zoo Zürich,,Tier II,47.38428585,8.574479801
Hermann Park,,Tier II,29.71358427,-95.38929288
Pergamonmuseum,,Tier II,52.52118079,13.39689439
Sanssouci Palace,,Tier II,52.40418855,13.03845698
Libreria Acqua Alta,,Tier II,45.43797487,12.34228634
"Umaid Bhawan Palace, Jodhpur",,Tier II,26.28099178,73.0473104
"Umaid Bhawan Palace, Jodhpur
",,Tier II,26.28096325,73.04739723
Karla Caves,,Tier II,18.78325935,73.47040297
Dudhsagar Falls,,Tier II,15.31442699,74.31430821
Château de Fontainebleau,,Tier II,48.40210887,2.699488192
Tokyo National Museum,,Tier II,35.7188486,139.7765158
Golden Horn Beach,,Tier II,43.25757552,16.6342783
Dohány Street Synagogue,,Tier II,47.49589425,19.06057415
Sohrawardy Udyan,,Tier II,23.73224659,90.3999146
Jardin botanique de Montréal,,Tier II,45.55919424,-73.55772939
Hauz Khas Social,Visited from Outside,Tier II,28.55449877,77.19415876
Palolem Beach,,Tier II,15.01062588,74.02254954
Waste to Wonder Park,Visited,Tier II,28.59273153,77.25696077
Catherine Palace,,Tier II,59.71732714,30.39627335
Giant’s Causeway,,Tier II,55.24079876,-6.511568048
"Calangute Beach
",,Tier II,15.54369357,73.75496049
Namdaemun Market,,Tier II,37.55927504,126.9777051
Göbeklitepe,,Tier II,37.22323321,38.9218317
Peace Memorial Park - Hiroshima,,Tier II,34.39269548,132.4522061
High Park,,Tier II,43.64655554,-79.46370098
Badshahi Mosque,,Tier II,31.58796141,74.30944367
Galleria Borghese,,Tier II,41.91419494,12.49214132
Kings Park and Botanic Garden,,Tier II,-31.9609139,115.8321946
National Museum of Nature and Science,,Tier II,35.71646388,139.7763367
Hassan II Mosque,,Tier II,33.60819123,-7.632682092
National Museum of Korea,,Tier II,37.52385055,126.9804155
Portobello Road Market,,Tier II,51.51702676,-0.205878397
Hampton Court Palace,,Tier II,51.40361911,-0.337754456
Central Park,Visited,Tier II,28.63301571,77.21944369
Jawaharlal Nehru Stadium,Need Booking,Tier II,28.58291596,77.23439719
Pattaya Floating Market,,Tier II,12.86788913,100.9046394
Mount Royal Park,,Tier II,45.50156217,-73.59322444
Paradise Beach,,Tier II,11.87167078,79.81924174
Miejsce Pamięci i Muzeum Auschwitz I,,Tier II,50.02705764,19.20379572
Hiroshima Peace Memorial Museum,,Tier II,34.39157737,132.4528759
Cité du Vin,,Tier II,44.86243253,-0.550645542
Jagalchi Market,,Tier II,35.09671643,129.0309738
Suomenlinna,,Tier II,60.14542321,24.98810739
"Himachal Pradesh Cricket Association Stadium, Dharamshala",,Tier II,32.19688598,76.32577828
Independence National Historical Park,,Tier II,39.94952292,-75.1497545
Lahore Fort,,Tier II,31.58817199,74.31543702
Castle of Eger,,Tier II,47.90450981,20.37990532
The Dallas Arboretum and Botanical Garden,,Tier II,32.82361877,-96.71662395
Sydney Fish Market,,Tier II,-33.87290691,151.1926668
VGP Marine Kingdom,,Tier II,12.91214518,80.25030357
Masada National Park,,Tier II,31.31429283,35.35555153
Sula Vineyards,,Tier II,20.00671083,73.68780813
Myeongdong Shopping Street,,Tier II,37.56376981,126.9844609
Daman-e-Koh,,Tier II,33.73832626,73.05651207
Mudumalai Tiger Reserve,,Tier II,11.56295648,76.53435779
Planten un Blomen,,Tier II,53.56204253,9.982097388
Fairmont Nile City Hotel,,Tier II,30.07175753,31.22772519
Mahendra Chaudhary Zoological Park,,Tier II,30.60392889,76.79245187
The Church of Our Lady of Buda Castle,,Tier II,47.50195188,19.03417511
National Rail Museum,Visited -Closes early,Tier II,28.5850008,77.18142396
Shangri-La Eros New Delhi,,Tier III,28.62102349,77.21814659
Ayubia National Park,,Tier III,34.06422302,73.4062288
Royal Botanic Garden Sydney,,Tier III,-33.86418596,151.216569
Museum of New Zealand Te Papa Tongarewa,,Tier III,-41.29050358,174.7820808
"Yadavindra Gardens, Pinjore",,Tier III,30.79417352,76.91415136
"Yadavindra Gardens, Pinjore",,Tier III,30.79406025,76.91469088
Hungarian Parliament Building,,Tier III,47.50711891,19.04566937
Hungarian Parliament Building,,Tier III,47.50711719,19.04568065
Shoes on the Danube Bank,,Tier III,47.50391869,19.04479908
Feroz Shah Kotla Stadium,Need Booking,Tier III,28.63866049,77.24439781
Göreme Open Air Museum,,Tier III,38.6412671,34.84424055
Vivekananda Yuba Bharati Krirangan (VYBK),,Tier III,22.56901111,88.40904291
Tottenham Hotspur Stadium,,Tier III,51.60423355,-0.066186927
Bhadra Wildlife Sanctuary,,Tier III,13.47857095,75.6172227
Jog Falls,,Tier III,14.22415481,74.80925959
"Yadavindra Gardens, Pinjore",,Tier III,30.7940968,76.91469195
Grand Maket Russia,,Tier III,59.88800619,30.32999123
Starfield Coex Mall,,Tier III,37.51136334,127.0595861
Sea World,,Tier III,-27.9572563,153.4255054
Museum of Illusions,Made queries at the Reception,Tier III,28.63318972,77.2179489
Vajdahunyad Castle,,Tier III,47.51488223,19.0830585
Rosenborg Castle,,Tier III,55.68582754,12.57726103
Lion Monument,,Tier III,47.05842139,8.310908306
Colline du Château,,Tier III,43.6959298,7.279661099
Maison et Jardins de Claude Monet,,Tier III,49.0753801,1.5337103
Pratapgad Fort,,Tier III,17.93709977,73.57820902
National Science Centre,Visited 15 years ago,Tier III,28.61313873,77.24537405
Australia Zoo,,Tier III,-26.83572316,152.9631185
Royal Botanic Garden Edinburgh,,Tier III,55.96501843,-3.209109503
Kelvingrove Art Gallery and Museum,,Tier III,55.86859495,-4.290581333
Playa Norte,,Tier III,21.26103523,-86.75087726
Chatsworth House,,Tier III,53.22754797,-1.611418814
Lago Negro,,Tier III,-29.39435399,-50.8777677
Hobbiton™ Movie Set Tours,,Tier III,-37.87211482,175.6828667
Bukchon Hanok Village,,Tier III,37.5814707,126.9849379
The Garden of Five Senses,Just made query,Tier III,28.51339352,77.19750124
Nizamuddin Dargah,Spare it,Tier III,28.59138795,77.24195644
"Raipur City Centre Mall
",,Tier III,21.25480169,81.64618326
Château du Clos Lucé,,Tier III,47.41024807,0.992158791
American Museum of Natural History,,Tier III,40.7813,-73.97395462
Chillon Castle,,Tier III,46.41421247,6.927489308
Guinness Storehouse,,Tier III,53.3416727,-6.286719649
House of Terror Museum,,Tier III,47.5068821,19.0651142
Bolshoi Theatre,,Tier III,55.76015164,37.61862047
Saint Joseph's Oratory of Mount Royal,,Tier III,45.49192605,-73.61645595
Mapusa Municipal Market,,Tier III,15.58834519,73.81279219
Bhaktapur Durbar Square,,Tier III,27.67207109,85.42828554
Bhaktapur Durbar Square,,Tier III,27.6720645,85.42829119
Sigiriya,,Tier III,7.957051371,80.76025174
Rila Monastery,,Tier III,42.13346683,23.34015971
National Martyrs' Monument,,Tier III,23.91134743,90.25472904
York Minster,,Tier III,53.96235396,-1.081886549
Diu Fort,,Tier III,20.71468796,70.99608594
Clock Tower Faisalabad,,Tier III,31.41872131,73.07911941
Friedrichstadt-Palast,,Tier III,52.52393114,13.38881559
Museum of Science,,Tier III,42.36771369,-71.07097243
São Paulo Botanical Garden,,Tier III,-23.63930683,-46.62730706
Kunstkamera,,Tier III,59.94161327,30.30474226
Golghar,,Tier III,25.62030797,85.13948729
Royal Château of Blois,,Tier III,47.58571886,1.330695047
Chapora Fort,,Tier III,15.60457756,73.73693808
Adventure Island,Almost Visited,Tier III,28.72469606,77.11453532
Mémorial de Caen,,Tier III,49.19740462,-0.384024363
Daulatabad Fort,,Tier III,19.94366239,75.22051975
Schloss Hellbrunn,,Tier III,47.76213212,13.06013318
Pichavaram Mangrove Forest,,Tier III,11.43196243,79.78103378
Cardiff Castle,,Tier III,51.48224457,-3.18118645
Basilica of Esztergom,,Tier III,47.79904502,18.73647105
"Elephant Falls, Shillong",,Tier III,25.53751844,91.82253418
Hungarian State Opera,,Tier III,47.50271145,19.05830208
Castle Clinton National Monument,,Tier III,40.70343677,-74.01680452
Lindt Home of Chocolate,,Tier III,47.31821456,8.551133119
Tate Britain,,Tier III,51.49108829,-0.127820375
Attari - Wagah Border,,Tier III,31.6048469,74.5741165
Christiansborg Palace,,Tier III,55.67633359,12.58029752
Atsuta-jingu Shrine,,Tier III,35.12736693,136.908684
Global Vipassana Pagoda,,Tier III,19.22817348,72.80589472
Japanese Park,Visited,Tier III,28.72229976,77.11884819
Mattupetty Dam,,Tier III,10.10601494,77.12433997
Ambuja City Centre,,Tier III,21.27560897,81.687617
Galleria Market,,Tier III,28.46722974,77.0819795
Kruger National Park,,Tier III,-23.98840436,31.55470801
Valley of the Kings,,Tier III,25.7400866,32.60135756
Eravikulam National Park,,Tier III,10.14537006,77.03659168
Selimiye Mosque,,Tier III,41.67810844,26.55914871
Karim Hotel,,Tier III,28.64949503,77.23375887
Liberty Square,,Tier III,47.50398209,19.05059887
Bhangarh Fort,,Tier III,27.09462952,76.291315
Sydney Harbour Bridge,,Tier III,-33.85224133,151.2106005
Central Shaheed Minar,,Tier III,23.72723597,90.39661779
Edakkal Caves,,Tier III,11.62683108,76.23424789
Kasu Brahmanandha Reddy National Park,,Tier III,17.42006299,78.4230482
The Madras Crocodile Bank Trust and Centre for Herpetology,,Tier III,12.74351095,80.23853003
Queen Victoria Building,,Tier III,-33.87172705,151.2066935
Athirappilly Water Falls,,Tier III,10.28508301,76.56978743
Hampstead Heath,,Tier III,51.56082278,-0.162936662
Ramakrishna Beach,,Tier III,17.71416644,83.32360683
Donggung Palace & Wolji Pond,,Tier III,35.83483142,129.2265756
Galle Dutch Fort,,Tier III,6.030458901,80.21502096
Galle Dutch Fort,,Tier III,6.030463205,80.21502561
Glacier National Park,,Tier III,48.75603522,-113.7796339
Bahia Palace,,Tier III,31.62171183,-7.981972233
Riverside Museum,,Tier III,55.86510301,-4.306208787
National Gallery of Art,,Tier III,38.89128821,-77.0199645
Great Wall of China,,Tier III,40.43190764,116.5703987
"Anjuna Beach
",,Tier III,15.5754592,73.74035352
The Old Town,,Tier III,56.15780955,10.19364538
Christiania,,Tier III,56.15781267,10.19364536
Science and Industry Museum,,Tier III,53.47716094,-2.254643561
BIFF Square,,Tier III,35.09825897,129.0291831
Saqsaywaman,,Tier III,-13.50985557,-71.98168864
Musée Rodin,,Tier III,48.85529133,2.315808322
Ahsan Manzil Museum,,Tier III,23.70853759,90.40602111
Ahsan Manzil Museum,,Tier III,23.70854615,90.4060329
Schnoor Bremen,,Tier III,53.07282666,8.809658277
Shymbulak,,Tier III,43.12867002,77.08052066
Abu Simbel Temples,,Tier III,22.33723186,31.62578827
Nehru Park Delhi,Visited,Tier III,28.59100503,77.19319565
Walmart Supercenter,,Tier III,40.79299183,-74.04234341
The Mob Museum,,Tier III,36.17285413,-115.1412612
Mariinsky Theatre,,Tier III,59.92565053,30.29605129
Murud-Janjira Fort,,Tier III,18.2999236,72.96441048
Lehel Market,,Tier III,47.51760183,19.0606739
Aachen Cathedral,,Tier III,50.77471962,6.08391317
Acharya Jagadish Chandra Bose Indian Botanic Garden,,Tier III,22.55862762,88.29112214
Minar-e-Pakistan,,Tier III,31.59259019,74.30952027
National Museum Delhi,Closes too early,Tier III,28.61191717,77.21928017
Seomun Market,,Tier III,35.86888594,128.5807857
Hazarduari Palace & Museum,,Tier III,24.18623876,88.26875874
Kyoto Railway Museum,,Tier III,34.98709722,135.7422737
Dachau Concentration Camp Memorial Site,,Tier III,48.2679231,11.46877677
Convent of Christ,,Tier III,39.60382815,-8.418715101
Forsyth Park,,Tier III,32.06800798,-81.09577275
Snow World,,Tier III,17.4145364,78.48095947
SEA LIFE Melbourne Aquarium,,Tier III,-37.82062882,144.9582176
Arashiyama Bamboo Forest,,Tier III,35.01681775,135.6713075
Chhatarpur Temple,Spare it,Tier III,28.50303175,77.17918531
Chatarpur Mandir,Spare it,Tier III,28.50314555,77.180266
Sunder Nursery,Closes at 8:00 pm,Tier III,28.59560897,77.24512618
Mauritshuis,,Tier III,52.08043146,4.314312329
Hamilton Gardens,,Tier III,-37.80574586,175.3048782
Jet d'Eau de Genève,,Tier III,46.20738382,6.155897549
Yeouido Hangang Park,,Tier III,37.52671361,126.9347015
Ghibli Museum,,Tier III,35.6962392,139.5704311
The Partition Museum,,Tier III,31.62568429,74.87900519
War Memorial of Korea,,Tier III,37.53701225,126.9771648
Titlis Cliff Walk,,Tier III,46.77071764,8.426341634
Hyde Park,,Tier III,-33.87149879,151.2116168
The Pushkin State Museum of Fine Arts,,Tier III,55.74714477,37.60562853
Westfield Sydney,,Tier III,-33.87056349,151.2085014
The Museum of Flight,,Tier III,47.51853811,-122.2968572
Château de Beynac,,Tier III,44.84045869,1.145950877
Nishat Garden,,Tier III,34.12462142,74.8788386
Virasat-e-Khalsa,,Tier III,31.23415065,76.50752549
Pykara Waterfall,,Tier III,11.47293684,76.60413165
Museum of Cosmonautics,,Tier III,55.82293891,37.63985763
Akershus Fortress,,Tier III,59.90757952,10.73704489
"Kumhrar Park
",,Tier III,25.59981897,85.18496065
Koyna Wildlife Sanctuary,,Tier III,17.45076782,73.70781758
Hauz Khas District Park,Visited,Tier III,28.55621146,77.19020147
Patratu Valley,,Tier III,23.57553654,85.27411585
United States Holocaust Memorial Museum,,Tier III,38.8867266,-77.03264803
Griffith Observatory,,Tier III,34.11845136,-118.3003863
Gasometer,,Tier III,51.49423301,6.870271159
Falaise d'Aval,,Tier III,49.70728303,0.193584455
Kronborg Castle,,Tier III,56.03930086,12.62177773
Dover Castle,,Tier III,51.12877102,1.323365833
Barbeque Nation,,Tier III,28.58017535,77.31524873
Melbourne Skydeck,,Tier III,-37.82134413,144.9646676
Erbil Citadel,,Tier III,36.19118624,44.00942229
Emerald Park,,Tier III,53.54529322,-6.459425904
Monastery of Alcobaça,,Tier III,39.54823383,-8.979578202
Metro Walk Mall,Visited,Tier III,28.72502068,77.11312827
Krimml Waterfalls,,Tier III,47.20768371,12.17081399
Imam Reza Shrine,,Tier III,36.28785185,59.61566255
Lal Tibba Scenic Point,,Tier III,30.46668552,78.09497925
Tennoji Zoo,,Tier III,34.65109786,135.5084308
The Palace Museum,,Tier III,39.91634213,116.3971514
Leisure Valley Park,,Tier III,28.46975167,77.06615889
Montreal Museum of Fine Arts,,Tier III,45.49848461,-73.57942277
Cellular Jail,,Tier III,11.67478753,92.74784359
Erzsébet Bridge,,Tier III,47.49086784,19.04922999
Erzsébet Bridge,,Tier III,47.49088959,19.04921926
Galle Face Green,,Tier III,6.923789495,79.84493094
Periyar National Park,,Tier III,9.463127199,77.22863034
Khao Yai National Park,,Tier III,14.31091274,101.5304404
Madhya Pradesh Tribal Museum,,Tier III,23.23444692,77.38318032
Visvesvaraya Industrial & Technological Museum,,Tier III,12.97513051,77.59689896
Mission Dolores Park,,Tier III,37.76022716,-122.4267956
Dehiwala Zoological Gardens,,Tier III,6.85698143,79.8744012
"The State Russian Museum, Mikhailovsky Palace",,Tier III,59.93861223,30.33226546
Dilli Haat Janakpuri,,Tier III,28.6231726,77.09649525
SAMURAI NINJA MUSEUM Kyoto,,Tier III,35.00721873,135.7635652
National Galleries of Scotland: National,,Tier III,55.95096032,-3.195606767
Principality Stadium,,Tier III,51.4782282,-3.182612155
Larco Museum,,Tier III,-12.07255446,-77.07101891
Denver Art Museum,,Tier III,39.7372027,-104.9893256
Melk Abbey,,Tier III,48.22827339,15.33119878
Castillo San Felipe del Morro,,Tier III,18.47063257,-66.12394368
"Club Titos
",,Tier III,15.55619423,73.75311892
Liverpool Cathedral,,Tier III,53.39745405,-2.973340452
Indira Gandhi Tulip Garden,,Tier III,34.09604697,74.87844465
Tulip Garden,,Tier III,34.09603815,74.87844472
Bandipur National Park,,Tier III,11.77876102,76.4646837
Coit Tower,,Tier III,37.80239504,-122.4058206
Sadda Pind,,Tier III,31.6440043,74.81313756
Masti Zone Greater Noida | Snow Masti | Snow Park Delhi | Trampoline | Bowling | kids play | VR Games | Snow World,,Tier III,28.45370169,77.52566875
Ajodhya Hill and Forest Reserve Area,,Tier III,23.20027523,86.12673463
Bangladesh National Museum,,Tier III,23.73745023,90.3948459
Lohagad Fort,,Tier III,18.70727986,73.47782023
Birla Mandir,Spare it,Tier III,28.63268588,77.19900738
Indira Gandhi Memorial Museum,Closes too early,Tier III,28.59992091,77.20613573
Safdarjung’s Tomb,Spare it,Tier III,28.58953657,77.21052529
National Portrait Gallery,,Tier III,51.50943015,-0.128141525
Sajek Valley,,Tier III,23.38378904,92.29388869
Chapel of the Holy Cross,,Tier III,34.83199304,-111.7667667
Botanical Garden,,Tier III,11.93022425,79.82241078
Gobindgarh Fort,,Tier III,31.62688464,74.86004823
Della Adventure Park,,Tier III,18.78143295,73.38907563
AEON MALL KYOTO,,Tier III,34.98272843,135.7544583
Stedelijk Museum Amsterdam,,Tier III,52.35802393,4.879750103
Art Gallery of New South Wales,,Tier III,-33.86884874,151.2173522
Sydney Tower Eye,,Tier III,-33.87033654,151.2088635
Ancient City of Troy,,Tier III,39.9575769,26.23974
Whitby Abbey,,Tier III,54.48834382,-0.60790373
Lake View Park,,Tier III,33.71185866,73.13194948
El Yunque National Forest,,Tier III,18.29511448,-65.80088141
Himalayas,,Tier III,29.09632573,82.80091483
Hungarian National Museum,,Tier III,47.49119624,19.06248557
Svetitskhoveli Cathedral,,Tier III,41.84222859,44.72096614
Rembrandt House Museum,,Tier III,52.36939233,4.901176073
Słowiński National Park,,Tier III,54.70017285,17.31694203
Dalma Wildlife Sanctuary,,Tier III,22.89662743,86.20599404
"Dalma Wildlife Sanctuary
",,Tier III,22.8965297,86.20611267
"National Museum of Ireland, Kildare Street",,Tier III,53.34022161,-6.254933954
The Hakone Open-Air Museum,,Tier III,35.2451608,139.0507222
Royal Palace of Gödöllő,,Tier III,47.59603075,19.34755654
Keoladeo National Park,,Tier III,27.15954171,77.52182039
Lekki Conservation Centre,,Tier III,6.441496865,3.535749542
Viharamahadevi Park,,Tier III,6.913393192,79.8617289
Faberge Museum,,Tier III,59.93471134,30.3428272
Registan Square,,Tier III,39.65484215,66.97560725
National War Memorial,Closes at 8:00 pm,Tier III,28.61268909,77.23308241
Kilkenny Castle,,Tier III,52.65046322,-7.249305032
Victory Monument,,Tier III,13.76484824,100.5382922
Schloss Lichtenstein,,Tier III,48.40626066,9.258013192
Mazaar e Quaid Muhammad Ali Jinnah Mausoleum,,Tier III,24.8754357,67.0409729
ARoS Aarhus Art Museum,,Tier III,56.15390764,10.19967748
Mawsmai Cave,,Tier III,25.2445609,91.72410048
Hussain Sagar,,Tier III,17.42393923,78.4738721
Carlton Gardens,,Tier III,-37.80544843,144.9713876
Discovery Cove,,Tier III,28.40508494,-81.46311306
Kasugataisha Shrine,,Tier III,34.68154459,135.8484715
 KidZania Mumbai,,Tier III,19.09981153,72.91696581
Rundāle Palace Museum,,Tier III,56.41344502,24.02446934
Hong Kong Observation Wheel,,Tier III,22.28532465,114.1616624
Mont-Saint-Michel Abbey,,Tier III,48.63594177,-1.511772952
"Neemrana Fort-Palace - 15th Century, Delhi-Jaipur Highway",,Tier III,27.99393258,76.38814787
I.S. Bindra Punjab Cricket Association Stadium,,Tier III,30.69090036,76.73752391
"Taj Falaknuma Palace, Hyderabad",,Tier III,17.3314387,78.46746839
Changdeokgung,,Tier III,37.57944637,126.9910207
Marari beach,,Tier III,9.600771253,76.2982585
Ohori Park,,Tier III,33.58620869,130.3764685
Palatine Hill,,Tier III,41.88863224,12.4875572
Garden of Dreams,,Tier III,27.71426419,85.31447183
Jorasanko Thakurbari,,Tier III,22.58489241,88.35922451
National Museum of Denmark,,Tier III,55.67449559,12.57465232
Mount Fuji,,Tier III,35.36062151,138.7273139
Great Moscow State Circus,,Tier III,55.69449052,37.5402107
"Dassam Falls
",,Tier III,23.14623751,85.46720192
Tsarevets Fortress,,Tier III,43.08370698,25.65258269
Leeds Castle,,Tier III,51.24872928,0.629795852
Inokashira Park,,Tier III,35.69974733,139.5737024
Banasura Sagar Dam,,Tier III,11.67119478,75.95600211
Cherai Beach,,Tier III,10.1438533,76.17745584
Tughlaqabad Fort,Closes at 6:00 pm,Tier III,28.51095872,77.2623628
Kushida Shrine,,Tier III,33.59295657,130.4104583
Liaquat Bagh Park,,Tier III,33.60614307,73.06430099
Royal Pavilion,,Tier III,50.82235153,-0.137672388
Butrint National Archaeological Park,,Tier III,39.7440065,20.01947014
mipig cafe,,Tier III,34.67170292,135.4987705
Plotinka,,Tier III,56.84384686,60.57233507
Würzburg Residence,,Tier III,49.79273532,9.939139957
JORVIK Viking Centre,,Tier III,53.95744575,-1.080329132
Burg Hohenwerfen,,Tier III,47.48317426,13.18893784
Baháʼí Garden Haifa,,Tier III,32.81142223,34.98533637
Currumbin Wildlife Sanctuary,,Tier III,-28.13555337,153.488524
Chapel of Bones (Évora),,Tier III,38.56878248,-7.908853333
Grand Jamia Masjid,,Tier III,31.36798072,74.18530459
Frederiksborg Castle,,Tier III,55.9349921,12.30130459
Edo-Tokyo Museum,,Tier III,35.69643855,139.7964268
Ban Jhakri Falls Park,,Tier III,27.35081309,88.60320397
Ban Jhakri Falls Park,,Tier III,27.35076648,88.60323518
The Royal Yacht Britannia,,Tier III,55.98214356,-3.177257022
Varkala Beach,,Tier III,8.736348472,76.70240969
Musée aeroscopia,,Tier III,43.6598288,1.359618301
Viking Ship Museum,,Tier III,59.90496304,10.68438846
Kurukshetra Panorama & Science Centre,,Tier III,29.96600086,76.83391772
Lake Como,,Tier III,46.02034424,9.261918397
Namba Yasaka Jinja,,Tier III,34.66155802,135.4967027
Curonian Spit National Park,,Tier III,55.54210034,21.12073494
Sumiyoshi Taisha,,Tier III,34.61232251,135.4936733
Oklahoma City National Memorial & Museum,,Tier III,35.47316697,-97.51710148
Dubrovnik City Walls,,Tier III,42.64225,18.10705033
City Walls & Forts,,Tier III,42.64195391,18.10725683
Skyline Queenstown,,Tier III,-45.02850314,168.6561931
Strokkur Geyser,,Tier III,64.31270061,-20.30072363
Waitomo Glowworm Caves,,Tier III,-38.26070527,175.1036043
The Hidden Castle,,Tier III,17.92525217,78.81553368
Wadi Rum Protected Area,,Tier III,29.55592795,35.40757934
Dallas Museum of Art,,Tier III,32.7877048,-96.8010642
St. Fagans National Museum of History,,Tier III,51.48719756,-3.272373225
"SCIENCE MUSEUM, Khanapara Guwahati",,Tier III,26.12047525,91.81604726
Toyota Commemorative Museum of Industry and Technology,,Tier III,35.18256303,136.8759929
Wadiy e Hajan,,Tier III,34.05447846,75.36379928
Regional Natural Park of the Marais Poitevin,,Tier III,46.33610592,-0.90213462
Salzburg Cathedral,,Tier III,47.79787824,13.04663008
Senbon Torii (Thousand Torii Gates),,Tier III,34.96705789,135.7746578
SkyPoint Observation Deck,,Tier III,-28.00631074,153.4296471
Tagore Hill,,Tier III,23.40126455,85.33795366
Visapur Fort,,Tier III,18.71914889,73.48998392
"Arambol Beach
",,Tier III,15.68310315,73.70368949
Fun N Food Village,Visit next year,Tier III,28.52372714,77.08470059
Umiam Lake Viewpoint,,Tier III,25.65109755,91.89383366
Ima Market,,Tier III,24.80782944,93.93381097
Ima Market,,Tier III,24.80788874,93.93382773
Golden Beach,,Tier IV,19.79845215,85.83754412
Danube,,Tier IV,46.31080228,18.92567899
Flower Exhibition Centre - Ridge Park.,,Tier IV,27.33166242,88.61629268
Hungarian Railway Museum,,Tier IV,47.54244454,19.0956554
Limpopo Zoo,,Tier IV,56.33454499,43.85412688
Shrine of Hazrat Ali,,Tier IV,31.99591612,44.31458539
Queen Street Mall,,Tier IV,-27.46965244,153.0252493
Church of the Nativity,,Tier IV,31.70427597,35.20747515
AURA SKYPOOL Dubai,,Tier IV,25.11402496,55.14026684
Pench National Park,,Tier IV,21.74957434,79.33527566
"Japanese Garden, 31A Chandigarh",,Tier IV,30.70452579,76.78431579
Hill of Crosses,,Tier IV,56.01531191,23.41632365
Parque de Serralves,,Tier IV,41.15903572,-8.658110431
Noor Mahal,,Tier IV,29.37940219,71.66801854
Milad Tower,,Tier IV,35.74473791,51.37546401
Milad Tower,,Tier IV,35.74473791,51.37545352
Belum Caves,,Tier IV,15.10256898,78.11147287
Yusupov Palace,,Tier IV,59.92788971,30.30025662
Champa Gali,Couldn't find,Tier IV,28.51735968,77.19978896
Monserrate,,Tier IV,4.605661357,-74.05556565
Santa Fe Plaza,,Tier IV,35.68752366,-105.9385438
"Martin Luther King, Jr. National Historical Park",,Tier IV,33.75667076,-84.37318201
Cathédrale Ste-Croix,,Tier IV,47.9017746,1.910216642
Durham Cathedral,,Tier IV,54.77321533,-1.576435383
Kerala Folklore Museum,,Tier IV,9.932982642,76.29905404
Bhagwan Birsa Biological Park,,Tier IV,23.46314088,85.45519872
Klis Fortress,,Tier IV,43.55964046,16.52265802
Chashme Shahi Gardens,,Tier IV,34.08602915,74.88775892
Moesgaard Museum,,Tier IV,56.0887337,10.2234791
Sector 17 Market,,Tier IV,30.73947096,76.78248695
St. Basil's Cathedral,,Tier IV,55.75250453,37.6231009
Talakona Waterfall,,Tier IV,13.81152232,79.21586019
Pakistan Monument Museum,,Tier IV,33.69254641,73.06947311
Wazir Khan Mosque,,Tier IV,31.58328235,74.32360412
Marine Dr,,Tier IV,18.94323132,72.82298081
Muzhappilangad Drive In Beach,,Tier IV,11.79635602,75.44254609
Christ Church Cathedral,,Tier IV,53.34351001,-6.271138159
Nidaros Cathedral,,Tier IV,63.42690512,10.39711156
Ashmolean Museum,,Tier IV,51.75541492,-1.260059855
Saint Naum Monastery,,Tier IV,40.91404483,20.74064486
Red beach,,Tier IV,36.34897318,25.39386644
Nohkalikai Falls View point,,Tier IV,25.27130769,91.68990588
Oryukdo Skywalk,,Tier IV,35.10067696,129.1243951
Leopold Museum,,Tier IV,48.20264404,16.35914881
Healesville Sanctuary (Zoos Victoria),,Tier IV,-37.68209521,145.5314491
"Reis Magos Fort
",,Tier IV,15.49646152,73.80915743
Gozsdu Court,,Tier IV,47.49846358,19.05947698
Ranthambore National Park,,Tier IV,26.02023961,76.45822649
Torres del Paine National Park,,Tier IV,-50.9423393,-73.40674831
Sandringham Estate,,Tier IV,52.82968991,0.512490775
AEON MALL Narita,,Tier IV,35.79560899,140.3186979
Colva Beach,,Tier IV,15.27951959,73.91214176
Noormahal Palace Hotel,,Tier IV,29.69815739,77.03038801
Colonial Williamsburg,,Tier IV,37.26969751,-76.69612565
Amager Beachpark,,Tier IV,55.65453413,12.64959751
LOTTE WORLD MALL,,Tier IV,37.51362645,127.1038929
Kolli Hills,,Tier IV,11.24958888,78.33839376
Hungarian National Gallery,,Tier IV,47.49625381,19.0398237
Sukhna Lake,,Tier IV,30.74052292,76.81902349
The Sixth Floor Museum at Dealey Plaza,,Tier IV,32.77981003,-96.80846771
Similipal National Park,,Tier IV,21.59308566,86.29455376
Kangra Fort,,Tier IV,32.08752829,76.25418356
Buddha Park,,Tier IV,27.31307184,88.35590302
Tata Steel Zoological Park,,Tier IV,22.81605556,86.19423824
Farzi Cafe,,Tier IV,28.63259779,77.22149286
Avebury Stone Circle,,Tier IV,51.42892284,-1.854906832
Kanha Tiger Reserve,,Tier IV,22.29947076,80.58647075
Catacombs of Paris,,Tier IV,48.83393722,2.332361323
The Olympic Museum,,Tier IV,46.50872038,6.634072833
Eisriesenwelt,,Tier IV,47.49661426,13.19438183
Frere Hall,,Tier IV,24.84738373,67.03297764
"Hin Ta Hin Yai
",,Tier IV,9.452208147,100.0395494
Cola Beach,,Tier IV,15.05434323,73.97310967
Jahaz Mahal,,Tier IV,22.35564675,75.39314948
Orchha Fort,,Tier IV,25.35075279,78.6426691
National Museum Cardiff,,Tier IV,51.48570192,-3.176874605
Rohtang La,,Tier IV,32.37176432,77.24652146
Butterfly Conservatory,,Tier IV,43.13698986,79.05566626
Hongdae Shopping Street,,Tier IV,37.55419423,126.9224933
Lake Bled,,Tier IV,46.36488849,14.09496061
Independence Square,,Tier IV,6.904189359,79.86763195
Mahavir Harina Vanasthali National Park,,Tier IV,17.3411749,78.58491397
Tempozan Ferris Wheel,,Tier IV,34.6562564,135.4308805
mipig cafe Kyoto,,Tier IV,35.00404547,135.7671434
Zsolnay Cultural Quarter,,Tier IV,46.0784668,18.24787496
Palatinus Strand Baths,,Tier IV,47.52794904,19.04697026
Brunel's SS Great Britain,,Tier IV,51.4491977,-2.608405516
Bogatha Waterfall,,Tier IV,18.47603359,80.50002668
Bogatha Waterfall,,Tier IV,18.47606439,80.50002668
설악산국립공원 설악동지구,,Tier IV,38.17266778,128.493736
Rashtrapati Bhavan,Closes too early,Tier IV,28.61439484,77.19943
Laitlum Canyon,,Tier IV,25.45065073,91.91185719
Classic-Remise Berlin,,Tier IV,52.53041649,13.31848237
Cheonggyecheon,,Tier IV,37.56911689,126.9786897
Doddabetta Peak,,Tier IV,11.40078461,76.73581683
Doddabetta Peak,,Tier IV,11.40075364,76.73581796
St. Sophia's Cathedral,,Tier IV,50.45292953,30.5141995
Dead Sea,,Tier IV,31.55082771,35.47894615
Begijnhof,,Tier IV,52.36948561,4.890341135
Beas River,,Tier IV,31.87903248,76.18649288
The Wallace Collection,,Tier IV,51.51731831,-0.153094506
Horton Plains National Park,,Tier IV,6.809452086,80.8023244
Horton Plains National Park,,Tier IV,6.809451027,80.80233532
"Maitri Bagh Zoo, bhilai, Chhattisgarh",,Tier IV,21.16862306,81.35033116
Hall of Fame,,Tier IV,34.13922817,77.54114945
Sariska Tiger Reserve,,Tier IV,27.31040364,76.43876914
Kyushu National Museum,,Tier IV,33.51824915,130.538095
Leh Palace,,Tier IV,34.16599536,77.58659471
Lahore Museum,,Tier IV,31.56838419,74.30808188
Bhawal National Park,,Tier IV,24.09020133,90.40731382
Casemates du Bock,,Tier IV,49.61179617,6.136582008
National Theatre,,Tier IV,51.50721523,-0.114373552
Rosslyn Chapel,,Tier IV,55.85537848,-3.160195126
Summer Palace,,Tier IV,39.99997797,116.2754553
Castle Garden Bazaar,,Tier IV,47.49535366,19.04242732
National Botanical Garden,,Tier IV,23.81272879,90.34762115
Dal Lake,,Tier IV,34.11637483,74.86788379
Tenerife,,Tier IV,28.3024125,-16.63044256
Puffing Billy Railway,,Tier IV,-37.90779265,145.3565782
Chunar Fort,,Tier IV,25.12331603,82.87571331
Radhanagar Beach,,Tier IV,11.98461841,92.95014809
African Renaissance Monument,,Tier IV,14.72218842,-17.49496473
Reichstag Building,,Tier IV,52.51862667,13.37615501
Manas National Park,,Tier IV,26.81017425,91.23947847
Mauao / Mount Maunganui summit,,Tier IV,-37.63039372,176.1720931
"Wonderland, Jalandhar",,Tier IV,31.26285459,75.53279163
Church of Saint Francis,,Tier IV,41.14102226,-8.616010449
Sher Shah Suri Tomb - Bharat,,Tier IV,24.94799438,84.00924353
National Museum of the Revolution,,Tier IV,19.43618913,-99.15465557
de Young Museum,,Tier IV,37.7714857,-122.4686846
Owl Cafe Tokyo,,Tier IV,35.70079925,139.7748419
SEALIFE Busan Aquarium,,Tier IV,35.15927352,129.1609985
Viceregal Lodge,,Tier IV,31.10366186,77.14218801
Shivneri Fort,,Tier IV,19.19309486,73.85544976
Rock Shelters of Bhimbetka,,Tier IV,22.93955592,77.61245788
Chorsu Bazaar,,Tier IV,41.32673158,69.23503182
Glasgow Cathedral,,Tier IV,55.86312877,-4.233970745
Sixty Dome Mosque,,Tier IV,22.67450457,89.74182557
GUCCHUPANI ROBBERS CAVE,,Tier IV,30.37540098,78.05985905
Art Museum Ateneum,,Tier IV,60.17015662,24.9440854
Malam Jabba Ski Resort,,Tier IV,34.79879827,72.57218495
Carrick-a-Rede - National Trust,,Tier IV,55.23955441,-6.332505823
Hospital in the Rock,,Tier IV,47.50083995,19.03136046
Templo Romano,,Tier IV,37.88477524,-4.776401755
Luna Park Melbourne,,Tier IV,-37.86781767,144.9769074
Don Bosco Museum,,Tier IV,25.59280022,91.88272608
Kufri Fun World,,Tier IV,31.09416406,77.2780261
Botanic Gardens,,Tier IV,54.58240259,-5.93252002
Durmitor National Park,,Tier IV,43.21171888,19.11694086
Azadi Tower,,Tier IV,35.6996715,51.33801684
Cervino Ski Paradise,,Tier IV,45.93620198,7.672956197
Pioneer Courthouse Square,,Tier IV,45.51895499,-122.6792926
CoochBehar Rajbari Palace,,Tier IV,26.32703025,89.43870095
Bharat Darshan Park,Visited,Tier IV,28.66656998,77.13553561
Musée des Beaux-Arts,,Tier IV,45.76755991,4.83330894
Nainital Lake,,Tier IV,29.38596211,79.45994521
Besançon Citadel,,Tier IV,47.23197104,6.031733656
La Rochelle Aquarium,,Tier IV,46.15327344,-1.150630809
Shrikrishna Science Centre,,Tier IV,25.61640918,85.14108666
Cliffs of Moher,,Tier IV,52.97152601,-9.430908749
Magna Plaza,,Tier IV,52.37362143,4.89045678
Purandar Fort,,Tier IV,18.28249887,73.97347848
The Fitzwilliam Museum,,Tier IV,52.20021986,0.119509154
Naida Caves,,Tier IV,20.71027633,70.9806517
Marina Park,,Tier IV,11.66984172,92.7473882
Tagore Hall,,Tier IV,23.01287457,72.57099106
Harvalem Waterfalls,,Tier IV,15.55081406,74.02649415
Grünes Gewölbe,,Tier IV,51.05262874,13.73630736
Gir National Park,,Tier IV,21.08311808,70.7938076
Plaza Premium Lounge,Not sure how to enter,Tier IV,28.55508535,77.0843362
Sinq Night Club,,Tier IV,15.50143039,73.77155352
National Gallery of Modern Art,Closes at 6:00 pm,Tier IV,28.61018764,77.23439864
"Peace Pagoda, Darjeeling",,Tier IV,27.02759408,88.25901114
Santorini,,Tier IV,36.39349686,25.45638331
Kunsthaus Zürich,,Tier IV,47.37109672,8.549088631
Sulabh International Museum of Tiolet,Visited,Tier IV,28.59660073,77.08080726
Indraprastha Park,Closes at 7:30 pm,Tier IV,28.59669016,77.25460476
Copacabana Beach,,Tier IV,-22.9734735,-43.18527148
Abbaye Notre-Dame de Sénanque,,Tier IV,43.92800661,5.186766922
Saint Mary's Cathedral,,Tier IV,-33.8711941,151.2133193
Serenity Beach Sunrise Point,,Tier IV,11.97036763,79.84451333
 Rotorua Maori Experience,,Tier IV,-38.16320047,176.2508671
Szechenyi Square,,Tier IV,46.253695,20.14892049
Eden Beach - Blue flag Beach,,Tier IV,11.88161819,79.82417715
Harz National Park,,Tier IV,51.77984623,10.52315851
Exploratorium,,Tier IV,37.80166853,-122.3973489
Chitwan National Park,,Tier IV,27.51928942,84.31351673
Mrugavani National Park,,Tier IV,17.35403436,78.33516527
Mrugavani National Park,,Tier IV,17.3540856,78.33516527
Palace of the Kings of Majorca,,Tier IV,42.69399562,2.893878112
Tirathgarh Waterfall,,Tier IV,18.91393972,81.86504443
Gloucester Cathedral,,Tier IV,51.8673413,-2.246689821
Tabiat Bridge,,Tier IV,35.7544263,51.42036713
Bharathi Park Puducherry,,Tier IV,11.93295615,79.8341916
Puducherry Museum,,Tier IV,11.93446741,79.83484778
Rubjerg Knude,,Tier IV,57.44903744,9.77547165
Kodaikanal Lake,,Tier IV,10.23387068,77.48702137
Øresund Bridge,,Tier IV,55.57528408,12.82776211
Corvin Cinema,,Tier IV,47.48618409,19.07103436
Armoury Chamber,,Tier IV,55.74957222,37.61341322
Rangmanch Farms,,Tier IV,28.45559869,76.92341164
DLF City Centre Mall,,Tier IV,30.72890604,76.84550437
Ruins of Nalanda University,,Tier IV,25.13663581,85.44223485
Av. Paulista,,Tier IV,-23.56132496,-46.65650544
Panoramic Viewpoint - Hallstatt Skywalk,,Tier IV,47.56131456,13.64360367
St. Peter's Church,,Tier IV,48.20942407,16.36992877
Bhitarkanika Wildlife Sanctuary,,Tier IV,20.72126455,86.86747239
Bhitarkanika National Park,,Tier IV,20.72126455,86.86747239
Hammershus Castle Ruins,,Tier IV,55.27130118,14.75539167
Hạ Long Bay,,Tier IV,20.97230744,107.0523931
Lady Hydari Park,,Tier IV,25.56590923,91.88199091
KidZania Delhi NCR,,Tier IV,28.56475338,77.32204175
San Cristóbal Castle,,Tier IV,18.46736691,-66.11101154
Pari Mahal,,Tier IV,34.08117757,74.87712157
Kaziranga National Park,,Tier IV,26.6445085,93.35247862
Khao Sok National Park,,Tier IV,8.977676403,98.63814509
Bangladesh National Parliament House,,Tier IV,23.76234338,90.37849022
Tha Chanakya,Visited,Tier IV,28.58451691,77.19073444
Shukkeien Garden,,Tier IV,34.40048324,132.4677196
The Crown Liquor Saloon,,Tier IV,54.59467725,-5.934169138
Bhaja Budhhist Caves Ancient Buddhist Heritage,,Tier IV,18.72836466,73.48154135
Holy Monastery of the Virgin Mary of Kykkos,,Tier IV,34.98369681,32.7411564
Kanyakumari Beach,,Tier IV,8.086613194,77.5544024
Sultanpur Bird Sanctuary,,Tier IV,28.46812335,76.89180404
Srikrishna Museum,,Tier IV,29.96510684,76.83313469
Lamahatta,,Tier IV,27.05349274,88.35161148
Kongobu-ji Okuno-in,,Tier IV,34.2229802,135.6057239
Revdanda Fort,,Tier IV,18.54675611,72.92464801
Madame Tussauds Delhi,Closed,Tier IV,28.56710924,77.321134
Emperor Qinshihuang's Mausoleum Site Museum,,Tier IV,34.3841116,109.2784845
Szentendre Skanzen Village Museum,,Tier IV,47.6922543,19.04539533
Szentendre Skanzen Village Museum,,Tier IV,47.69228319,19.04540057
Si-o-Se Pol Bridge,,Tier IV,32.64476342,51.66765599
Pangong Lake,,Tier IV,33.75896105,78.67647001
Pangong Tso,,Tier IV,33.75582441,78.67851734
Museo Maya de Cancún y Zona Arqueológica de San Miguelito,,Tier IV,21.0738456,-86.77716103
Mawkdok Dympep Valley View Point,,Tier IV,25.4217038,91.79155591
Mawkdok Dympep Valley View Point,,Tier IV,25.42174408,91.79159582
Chilika Lake,,Tier IV,19.73969536,85.30520593
Zabriskie Point,,Tier IV,36.42006426,-116.8122329
Cité de l'Espace,,Tier IV,43.58670484,1.493946792
Oriental Pearl TV Tower,,Tier IV,31.2396941,121.4997575
Saint Domnius’ Cathedral,,Tier IV,43.50810194,16.44047355
Groninger Museum,,Tier IV,53.21227026,6.566024448
Tsukiji Hongan-ji Temple,,Tier IV,35.66650706,139.7722564
Indian Air Force Museum,Visited,Tier IV,28.57399573,77.1167105
Pontcysyllte Aqueduct,,Tier IV,52.97043906,-3.087812153
Hōryū-ji,,Tier IV,34.61472906,135.7341801
"Living Root Bridge, Riwai Village",,Tier IV,25.20663634,91.89729883
Museum of Military History,,Tier IV,51.07851282,13.7599555
Hungarian Natural History Museum,,Tier IV,47.48270499,19.08523117
Tomb of Hafez,,Tier IV,29.62579004,52.55849707
Couvent des Jacobins,,Tier IV,43.60343258,1.44038898
Zero Point,,Tier IV,27.93137055,88.73409164
Kaziranga National Orchid and Biodiversity Park,,Tier IV,26.58649379,93.42795006
Empress Market,,Tier IV,24.86251071,67.02951649
Morjim Beach,,Tier IV,15.62720428,73.72792989
Gorumara National Park,,Tier IV,26.75630982,88.79750217
Royal Tasmanian Botanical Gardens,,Tier IV,-42.86568921,147.3310613
The Arctic Circle Center,,Tier IV,66.55241109,15.32245912
Rakab Ganj Gurudwara,Spare it,Tier IV,28.61821886,77.20477044
Grand Central Terminal,,Tier IV,40.75335237,-73.97685199
Tropical Farms Macadamia Nut Farm,,Tier IV,21.51049679,-157.8514279
Tokyo Metropolitan Government Building North Observation Deck,,Tier IV,35.68971862,139.6916559
Atlantic Water World,Summers,Tier IV,28.54493385,77.30923803
Gangtok Ropeway,,Tier IV,27.31784166,88.6066255
Conímbriga Roman Ruins,,Tier IV,40.09856628,-8.490833224
Seven Sisters Waterfall,,Tier IV,25.23991482,91.72940893
Seven Sisters Waterfall,,Tier IV,25.238967,91.73254768
Deer Land Hiran Minar,,Tier IV,31.74308051,73.95523469
Muzey Voyennoy Tekhniki,,Tier IV,56.9634964,60.58177381
Bute Park,,Tier IV,51.4845565,-3.185284237
Ratargul Swamp Forest,,Tier IV,25.01418379,91.91869916
The Bund,,Tier IV,31.24026454,121.4905785
Malshej Ghat,,Tier IV,19.34046242,73.77454953
Lal Bagh Palace,,Tier IV,22.70006436,75.84706202
Pandav Caves,,Tier IV,22.45839355,78.43233438
"MM Fun City
",,Tier IV,21.23677936,81.8222702
"Kanan Pendari Zoological Garden, Bilaspur",,Tier IV,22.11725526,82.060165
Chartwell,,Tier IV,51.24431284,0.083229513
Wales Millennium Centre,,Tier IV,51.46484217,-3.163179527
"Wave Mall, Jammu",,Tier IV,32.70946292,74.89340735
Darangi Village,,Tier IV,34.72764365,127.8933333
Andong Hahoe Folk Village,,Tier IV,36.53891356,128.5181351
Ambassador Cruise Halong Bay,,Tier IV,20.95296349,107.0558738
INS Khukri Memorial,,Tier IV,20.7031231,70.97678145
Hochosterwitz Castle,,Tier IV,46.7558409,14.45168096
"Roskilde Cathedral
",,Tier IV,55.64265217,12.07965271
Persepolis,,Tier IV,29.93456733,52.88371445
Persepolis,,Tier IV,29.93560084,52.8891817
Garden of Silence,,Tier IV,30.73846187,76.83009156
Phi Phi Islands,,Tier IV,7.744631501,98.77768453
Assam State Museum,,Tier IV,26.1853517,91.75208642
Lake Balaton,,Tier IV,46.8483817,17.75585553
Kingston Lacy,,Tier IV,50.81097241,-2.03188988
Baltit Fort,,Tier IV,36.32562175,74.66976945
The Wheel of Brisbane,,Tier IV,-27.47511636,153.0208518
Zero Gravity Dubai,,Tier IV,25.08846676,55.1377355
Crafts Museum,Closes at 6:00 pm,Tier IV,28.61360575,77.2424542
Sikkim Himalayan Zoological Park,,Tier IV,27.35050906,88.62698599
Flippermúzeum,,Tier IV,47.51464338,19.05440427
Flippermúzeum,,Tier IV,47.51464207,19.05439507
Al Ahsa National Park,,Tier IV,25.4449281,49.72757041
Jampore Beach,,Tier IV,20.38103927,72.82378156
Teesta River,,Tier IV,26.41923452,88.84615214
Durdle Door,,Tier IV,50.62122632,-2.276783709
Sundarban National Park (West Bengal),,Tier IV,21.88437519,88.88528786
Rubenshuis,,Tier IV,51.21687584,4.409982476
Naval Aviation Museum,,Tier IV,15.37472085,73.83880364
Sanchi Stupa No. 1,,Tier IV,23.47937506,77.73966646
K2,,Tier IV,35.88004738,76.51488971
Koli National Park,,Tier IV,63.09684979,29.80622998
Trümmelbach Falls,,Tier IV,46.56943635,7.914159485
Incheon Grand Park,,Tier IV,37.45923826,126.7522258
Energy Park,,Tier IV,21.21916776,81.6976434
Olavinlinna,,Tier IV,61.86394891,28.90166532
Blue House (Cheong Wa Dae),,Tier IV,37.58667845,126.9748034
Udawalawe National Park,,Tier IV,6.474615988,80.87630836
Serengeti National Park,,Tier IV,-2.333333295,34.83330111
Königssee,,Tier IV,47.5641612,12.98251129
Jumpin Heights - The OG Bungy People!,,Tier IV,30.06399807,78.40188552
Hundru Waterfall,,Tier IV,23.44967982,85.66677511
Patenga Sea Beach,,Tier IV,22.23529525,91.79130205
Galle Lighthouse,,Tier IV,6.024682124,80.21940044
Bogyoke Aung San Market,,Tier IV,16.7803333,96.15556811
Pacific Mall,Visited,Tier IV,28.55239315,77.05786149
Kangla Fort,,Tier IV,24.80747218,93.94275094
Aire du viaduc de Millau,,Tier IV,44.09537363,3.022784057
Nagan Eupseong Folk Village,,Tier IV,34.90729283,127.3411239
Margaret Island,,Tier IV,47.52677523,19.04705956
Rohtas Fort,,Tier IV,32.96497,73.57291738
Tom McCall Waterfront Park,,Tier IV,45.52274371,-122.670035
Jeddah Historic District,,Tier IV,21.48701996,39.18686094
Esterházy Palace,,Tier IV,47.84617354,16.5194638
Funcity Water Park,,Tier IV,30.63672608,76.89203281
Crumlin Road Gaol Visitor Attraction and Conference Centre,,Tier IV,54.60894971,-5.942387098
"Garden of Fragrance, 36B Chandigarh",,Tier IV,30.7326431,76.7572289
Kuntala Water Falls,,Tier IV,19.28465242,78.50323478
"Mandrem Beach
",,Tier IV,15.66964589,73.70953576
Golestan Palace,,Tier IV,35.67975054,51.42052114
Golestan Palace,,Tier IV,35.6797261,51.42049664
"Shillong View Point, Laitkor Peak",,Tier IV,25.54731632,91.87494595
"Malai Mandir, New Delhi",Spare it,Tier IV,28.56762353,77.1657925
Shalban Bihar,,Tier IV,23.42622971,91.13759578
Tiananmen Square,,Tier IV,39.9054785,116.3976301
Mughal Gardens,During Springs,Tier IV,28.52634097,77.18672626
Glacier 3000,,Tier IV,46.35391404,7.205674078
Jungfraujoch Sphinx Observatory,,Tier IV,46.54755493,7.985208421
Paklenica National Park,,Tier IV,44.3438103,15.4839389
Terraced Garden,,Tier IV,30.71442778,76.77161738
Banglar Taj Mahal,,Tier IV,23.74607752,90.56752862
Tsavo East National Park,,Tier IV,-2.780441442,38.80653007
Conway Scenic Railroad,,Tier IV,44.05198928,-71.12868595
"National Museum of Ireland, Merrion Street",,Tier IV,53.3398848,-6.253363208
Khanvel Resort,,Tier IV,20.12908565,73.05933777
The Margaret Mahy Family Playground,,Tier IV,-43.52800173,172.6412666
MadhavGarh Farms,,Tier IV,28.34768836,77.02113968
Australian Outback Spectacular,,Tier IV,-27.91193207,153.3166607
Chunnambar Boat House,,Tier IV,11.88383353,79.8006851
"JRD Tata Sports Complex Football Stadium
",,Tier IV,22.80610096,86.19306437
SMK – Statens Museum for Kunst,,Tier IV,55.6887951,12.57830966
Purkhouti Muktangan,,Tier IV,21.13411059,81.75886043
Blue Mountains National Park,,Tier IV,-33.59324083,150.5356399
Nakanoshima Park,,Tier IV,34.69248533,135.5073307
Shankar's International Doll Museum,Closes at 5:30 pm,Tier IV,28.630495,77.24148023
Sky Walk Pelling Sikkim,,Tier IV,27.29693069,88.2195171
Lawachara National Park,,Tier IV,24.32505574,91.78715386
Sri Pada / Adam's Peak,,Tier IV,6.809620348,80.49930991
Hill Top Goa,,Tier IV,15.59318319,73.74238929
Wayanad Wildlife Sanctuary,,Tier IV,11.67158414,76.36865283
Varkala cliff,,Tier IV,8.73553723,76.70388583
Deer Park Delhi,Almost Visited,Tier IV,28.5550456,77.19178417
Colombo National Museum,,Tier V,6.910002631,79.86088977
Cathedral of Bern,,Tier V,46.94723903,7.451539117
Australian National Maritime Museum,,Tier V,-33.86935658,151.1986462
Kenwood House,,Tier V,51.57138634,-0.167460017
Shivapuri Nagarjun National Park,,Tier V,27.81292074,85.38593034
Tongariro National Park,,Tier V,-39.19281971,175.5938161
Roshanara Bagh,After Summers,Tier V,28.67251341,77.19963403
Bee Falls,,Tier V,22.47511846,78.40725149
Santa Claus House,,Tier V,64.75494438,-147.3431681
Chitralekha Udyan,,Tier V,26.61811449,92.79384982
Timber Trail Resort,,Tier V,30.83580628,76.98196139
Dobó István Square,,Tier V,47.90241066,20.37685492
Elizabeth Lookout,,Tier V,47.51819264,18.959387
Ratna Durga,,Tier V,16.99603744,73.2706008
Asamkirche,,Tier V,48.13514324,11.56966231
"St. Anthony's Shrine, Kochchikade.",,Tier V,6.946786416,79.85636071
Puzzling World,,Tier V,-44.69672644,169.1615787
Nakshatra Van,,Tier V,20.28033674,72.9826649
Tajhat Palace,,Tier V,25.7252828,89.27989732
Jahanpanah City Forest,,Tier V,28.53280317,77.23629049
Annapurna Valley,,Tier V,28.81950768,83.99501111
California Academy of Sciences,,Tier V,37.76986461,-122.4661211
Saint Martins Island,,Tier V,20.62495711,92.32339835
Kuakata Sea Beach,,Tier V,21.80532864,90.18054121
Tomb of Akbar,,Tier V,27.2205826,77.95045802
Moskva River,,Tier V,55.70511277,37.04748662
Lake Baikal,,Tier V,53.12471071,107.7580806
Company Garden,,Tier V,30.46110463,78.0540627
Lahemaa National Park,,Tier V,59.56764535,25.78096515
Anantagiri Hills,,Tier V,17.31192345,77.86359988
Gondola cable car ride,,Tier V,34.04578918,74.38588302
Nizhegorodskaya Yarmarka,,Tier V,56.32842877,43.96102648
Hooker Valley track,,Tier V,-43.71812281,170.0939655
Hortobágyi National Park,,Tier V,47.52249957,21.0915786
Kolaba Fort,,Tier V,18.63431476,72.8642044
Cooch Behar Rajbari Park,,Tier V,26.32809792,89.43866343
Faro Cathedral,,Tier V,37.01329425,-7.934959794
"Tarnim Magic Garden
",,Tier V,9.482861752,99.9944804
Glendalough Cathedral,,Tier V,53.01057235,-6.327041863
Verdon Gorge,,Tier V,43.754826,6.375633692
The Andy Warhol Museum,,Tier V,40.44846357,-80.00252244
Eram Park,,Tier V,35.72054507,51.2914636
Ipanema Beach,,Tier V,-22.98691507,-43.20481629
Khewra Salt Mine,,Tier V,32.64798953,73.00842586
Pukekura Park,,Tier V,-39.06352574,174.0800541
Mawsmai Nongthymmai Eco Park,,Tier V,25.24445156,91.73814189
Nationalpark Bayerischer Wald,,Tier V,48.98797992,13.38411403
Mohatta Palace Museum,,Tier V,24.8143378,67.03273644
Buxa Tiger Reserve,,Tier V,26.61714758,89.5284661
Bakthang Waterfall,,Tier V,27.35781543,88.62354879
Gopalpur Beach,,Tier V,19.25325186,84.90423217
Arpoador,,Tier V,-22.98856902,-43.19311045
Major Dhyan Chand National Stadium,,Tier V,28.61239942,77.2364658
High Museum of Art,,Tier V,33.79006166,-84.38556956
Gandhi Smriti,After Summers,Tier V,28.60179199,77.2144006
Tikarpada Wildlife Sanctuary,,Tier V,20.6852177,84.90009767
Rozafa Castle,,Tier V,42.04644632,19.49360807
Madame Tussauds Sydney,,Tier V,-33.86959125,151.2017593
Sompur Mahavihara,,Tier V,25.03108128,88.97694167
Daewangam Park,,Tier V,35.49239438,129.4395614
Carlton Gardens,,Tier V,-34.1184382,151.0636922
South Extension Market,,Tier V,28.5679419,77.2199266
Patna Museum,,Tier V,25.61269787,85.13327845
The Postal Museum,,Tier V,51.5247386,-0.1139099
Cinnamon Bentota Beach,,Tier V,6.424911685,79.99686525
Palvolgyi Cave,,Tier V,47.53286085,19.01611657
WILD LIFE Sydney Zoo,,Tier V,-33.86940885,151.2016907
Bahrain Fort,,Tier V,26.23309525,50.5198657
Anantagiri Hills,,Tier V,17.31175891,77.86359119
Silver Cascade Falls,,Tier V,10.24196165,77.51074685
Ulster Museum,,Tier V,54.5824107,-5.935334792
Governor's Palace,,Tier V,37.27406422,76.70218459
Bondi Beach,,Tier V,-33.89143565,151.2767264
Tau Spa Center,,Tier V,43.1183739,76.91322522
Medieval Crime Museum,,Tier V,49.37587077,10.17954172
Batur Natural Hot Spring,,Tier V,-8.251279891,115.4002599
Kalagram,,Tier V,30.70991354,76.82630085
Vanganga Garden,,Tier V,20.31214099,72.97022997
Daegu 83 Tower,,Tier V,35.85329226,128.5665658
The Baptismal Site of Jesus Christ,,Tier V,31.83723648,35.55029867
Black Forest,,Tier V,48.30429308,8.182286871
Black Forest,,Tier V,48.29166044,8.18902669
Victoria Harbour,,Tier V,22.28977052,114.1715396
Sarajevo City Hall,,Tier V,43.8589993,18.43362677
The National Aquarium Abu Dhabi,,Tier V,24.40207283,54.49579204
Children's Park,,Tier V,28.61146835,77.23112571
Treppe ins Nichts,,Tier V,47.46743145,13.62617952
Lokhaniya Hills & Waterfall,,Tier V,24.95861631,83.00899496
Banglabandha Zero Point,,Tier V,26.63312528,88.41460985
Hunza Valley,,Tier V,36.3166624,74.64996662
Shalamar Gardens,,Tier V,31.58432871,74.38278019
Hunza Valley,,Tier V,36.31658465,74.64994557
Pushpa Gujral Science City,,Tier V,31.35664857,75.4439418
Buddha Jayanti Park,No proper Guidance and Route to reach there,Tier V,28.6155403,77.1785544
Double Decker Living Root Bridge,,Tier V,25.25124971,91.67194417
Starfield Library,,Tier V,37.51010968,127.0601118
Vatnajökull National Park,,Tier V,64.78429816,-17.20910657
Jama Masjid Mosque,,Tier V,34.09838344,74.80978582
"Hűvösvölgy, Children's Railway",,Tier V,47.54145713,18.96393605
Rudkhan Castle,,Tier V,37.06438109,49.23931594
Pécs Cathedral,,Tier V,46.07846951,18.22363263
Art Depot Museum Boijmans Van Beuningen,,Tier V,51.91382391,4.471003487
Saint-Etienne Cathedral,,Tier V,43.59977541,1.450574189
Museum Sint-Janshospitaal,,Tier V,43.59993158,1.45048386
Mount Nemrut,,Tier V,37.98076543,38.74092694
Amir Temur Mausoleum Gur-i Amir Сomplex,,Tier V,39.64852206,66.96923847
Leh Main Market,,Tier V,34.16359922,77.58391424
Château Gaillard,,Tier V,49.23802675,1.403419749
Mont Blanc,,Tier V,45.8335145,6.868522745
Ministry of Crab,,Tier V,6.93361712,79.84335069
"Villa Park, Maldives",,Tier V,3.483218798,72.80245474
Do Drul Chorten,,Tier V,27.31283327,88.60485526
Garden Of Caves,,Tier V,25.31255736,91.76051706
Newgrange,,Tier V,53.69478806,-6.474998167
Mohenjo Daro,,Tier V,27.32429496,68.13569111
Ibiza,,Tier V,39.02362402,1.481276982
Marzipan Museum and Café,,Tier V,47.66636493,19.07644973
Sun Siyam Olhuveli,,Tier V,3.849434797,73.45469616
ICEHOTEL,,Tier V,67.84994869,20.5966186
Sir John Soane's Museum,,Tier V,51.5169988,-0.117448786
Yala National Park,,Tier V,6.463974092,81.47187574
Orvakallu Rock Gardens,,Tier V,15.69288922,78.15212982
Shilaidaha Rabindra Kuthibari,,Tier V,23.91991533,89.22006412
Heritage Park,,Tier V,23.85654489,91.28491015
Jami Ul-Alfar Mosque,,Tier V,6.938401715,79.85168024
Naval Marine Museum Samudrika,,Tier V,11.67179525,92.72635606
Mojoland,,Tier V,29.07520505,77.06010611
Magic Planet,,Tier V,8.584452709,76.87950963
"Forest Research Institute (FRI), Dehradun",,Tier V,30.34391119,77.99764558
Cloud Forest Entertainment park,,Tier V,12.57756252,78.65246724
Vindolanda,,Tier V,54.99114062,-2.360575025
Harishchandragad,,Tier V,19.38660135,73.77807141
Gurudongmar Lake,,Tier V,28.02699833,88.71042254
Novospassky Monastery,,Tier V,55.73187617,37.65637066
Katas Raj Temple Complex,,Tier V,32.72399015,72.95164553
"Bharatpur Beach, Neil Island",,Tier V,11.83612182,93.03418528
Tanguar Haor,,Tier V,25.14004617,91.08831077
Eltham Palace,,Tier V,51.44702936,0.048484895
Kangchenjunga,,Tier V,27.70092669,88.14764865
United States Capitol,,Tier V,38.88987677,-77.00910188
Grave chapel on the Wuerttemberg,,Tier V,48.78209061,9.268537443
Liberation War Museum,,Tier V,23.77572153,90.36968092
Yu Garden,,Tier V,31.22723766,121.4920955
St Jerome Fort,,Tier V,20.41327243,72.83214341
Victoria Peak,,Tier V,22.27587685,114.1455104
Nagao Beach,,Tier V,20.71120057,70.9348188
Jibhi Waterfall,,Tier V,31.58631414,77.3527231
Mausoleum of Lalon Shah,,Tier V,23.89578209,89.15212133
Windsor Great Park,,Tier V,51.42410961,-0.617634228
Eram Garden,,Tier V,29.63692192,52.52629746
Land of Waves Waterpark,,Tier V,36.37548657,59.51888565
Museum of Applied Arts,,Tier V,48.20761312,16.38154526
Traditional Tea Ceremony,,Tier V,35.00762934,135.7663442
"MAYFAIR Spa Resort & Casino, Gangtok",,Tier V,27.29612768,88.58871223
Mayfield Lavender Farm,,Tier V,51.3342259,-0.168156965
Fateh Burj - Baba Banda Singh Bahadur War Memorial,,Tier V,30.70373159,76.66833171
Fairchild Tropical Botanic Garden,,Tier V,25.67678843,-80.27203542
Pioneer Plaza,,Tier V,32.77663329,-96.80119837
Palace of Westminster,,Tier V,51.49947943,-0.124882428
Carlisle Castle,,Tier V,54.89696829,-2.941772516
Korigad Fort,,Tier V,18.62131477,73.38562049
Keibul Lamjao National Park,,Tier V,24.47882711,93.83945395
Keibul Lamjao National Park,,Tier V,24.47875902,93.83948281
Altit Fort,,Tier V,36.31726095,74.68117069
illusion City Dubai - illusion Museum,,Tier V,25.07918322,55.12268047
Easter Island,,Tier V,-27.11225712,-109.3597195
Daehan Dawon Green Tea Tourist Farm,,Tier V,34.71610696,127.0780887
Inani Beach,,Tier V,21.22986917,92.04733464
Valmiki Tiger Reserve,,Tier V,27.42660162,83.90734701
Mandarmani Beach,,Tier V,21.64907084,87.6447566
Shah-i-Zinda,,Tier V,39.66212023,66.98791624
Maritime Museum,,Tier V,53.40137553,-2.992962776
Padmaja Naidu Himalayan Zoological Park,,Tier V,27.05593857,88.25619867
Schloss Ort,,Tier V,47.91131007,13.79203673
Muhlbach Waterfall,,Tier V,47.91134602,13.79205819
Barbican Centre,,Tier V,51.52018481,-0.093796242
Gül Baba’s Tomb & Rosegarden,,Tier V,47.51596615,19.03492556
Pattaya Beach,,Tier V,12.93661704,100.8820539
Kai Beach Saadiyat,,Tier V,24.54709944,54.43585052
Tamra - Shangri-La's,,Tier V,28.62097879,77.218162
Wei Sawdong Falls,,Tier V,25.29166705,91.67828639
Kalsubai Peak,,Tier V,19.60129877,73.70915669
Fox In A Box Brisbane Escape Rooms,,Tier V,-27.46965796,153.027809
Fukuoka Castle Ruins,,Tier V,33.5852707,130.3831857
Baltal Base Camp,,Tier V,34.25746934,75.41485564
Freycinet National Park,,Tier V,-42.13064419,148.3123205
Holy Shrine of Shahecheragh,,Tier V,29.60969424,52.54331656
Museo de America,,Tier V,40.43858082,-3.724301268
Texas Capitol,,Tier V,30.27467416,-97.74038143
Tagore Theatre,,Tier V,30.73311189,76.78957675
트릭아이뮤지엄,,Tier V,37.55379323,126.9219112
Musée Fabre,,Tier V,43.61179503,3.880174748
Austrian National Library,,Tier V,48.2062603,16.36689531
Kabira Bay,,Tier V,24.46126272,124.1435347
Talkatora Garden,Visited,Tier V,28.62337939,77.1950127
Alive Museum Jeju,,Tier V,33.25490473,126.4087656
Cimetière du Père-Lachaise,,Tier V,48.8614926,2.393448845
Umbrella Waterfall,,Tier V,33.99574308,73.29521278
Deosai National Park,,Tier V,34.97051224,75.47182023
Life Science Centre,,Tier V,54.96709343,-1.620482401
Mount Pilatus,,Tier V,46.97943722,8.254702798
Ishigaki Stalactite Cave,,Tier V,24.36173823,124.1544608
Sa'dabad Cultural and Historical Complex,,Tier V,35.81614712,51.42404129
Sa'dabad Cultural and Historical Complex,,Tier V,35.81614696,51.42404793
Aru Valley,,Tier V,34.08939821,75.26274249
ISKATE by Roseate,,Tier V,28.50331702,77.09746328
Memento Park,,Tier V,47.42633611,18.9989299
Neermahal (Twijilikma Nuyung),,Tier V,23.50649629,91.31496259
Devka Beach,,Tier V,20.44375207,72.83169622
Zonal Anthropological Museum,,Tier V,11.66462735,92.74011819
"Grenen
",,Tier V,57.74706323,10.65264611
Chandigarh Botanical Garden Sarangpur,,Tier V,30.77640269,76.75977228
Wētā Cave,,Tier V,-41.30641935,174.8242498
Al Ain Oasis,,Tier V,24.21837363,55.76234224
PlayDXB,,Tier V,25.19581763,55.2807348
Mellat Park,,Tier V,35.77797077,51.41032691
Silvretta-Hochalpenstraße,,Tier V,46.91777216,10.09428918
Matterhorn,,Tier V,45.97661332,7.658401378
Matterhorn,,Tier V,45.97654388,7.658427691
Chandigarh Bird Park,,Tier V,30.74868157,76.81031417
"Cathedral Basilica of St. John the Apostle, Eger",,Tier V,47.89947266,20.37312566
City Lights Booksellers & Publishers,,Tier V,37.79763035,-122.4066218
Çatalhöyük,,Tier V,37.66805534,32.8265704
Beit Guvrin-Maresha National Park,,Tier V,31.60171293,34.89546407
The Menil Collection,,Tier V,29.73717468,-95.39743623
Air Force Museum,,Tier V,25.53671774,91.82134379
"Khandoli Park, Giridih",,Tier V,24.23409802,86.34193538
"Khandoli Park, Giridih",,Tier V,24.23409172,86.34193719
Al Montazah Parks,,Tier V,25.34383535,55.37942808
Parashar Lake,,Tier V,31.75456046,77.10106834
허심청 온천탕,,Tier V,35.22101579,129.0826407
Ganesh Tok,,Tier V,27.34150536,88.62128482
Mu Ko Ang Thong National Park,,Tier V,9.635234881,99.67176836
North Bay underwater activity,,Tier V,11.70450271,92.75168232
Pulpit Rock,,Tier V,58.98641266,6.190428312
The Wrigley Building,,Tier V,41.88970427,-87.62459421
Heddal stave church,,Tier V,59.57952748,9.17622703
Grampians National Park,,Tier V,-37.21090755,142.3979299
Four Seasons Hotel Gresham Palace Budapest,,Tier V,47.49966302,19.0480342
Khajoo Bridge,,Tier V,32.63685518,51.68333931
Bernina Express,,Tier V,46.85388005,9.52919951
Yekaterinburgskiy Gosudarstvennyy Akademicheskiy Teatr Opery I Baleta,,Tier V,56.83931691,60.61652535
BABOUCHKA,,Tier V,31.62198445,-8.000580072
Sundarbans,,Tier V,22.17248656,89.06104351
Hops n Grains The Microbrewery,,Tier V,30.69841385,76.84909631
Dhanmondi Lake,,Tier V,23.74759426,90.37837265
Valley of Flowers National Park,,Tier V,30.72749512,79.607308
The Frick Collection,,Tier V,40.77110973,-73.96742237
Karnala Fort,,Tier V,18.88159241,73.11875532
"Nature Trails Durshet, Khopoli",,Tier V,18.6996995,73.29831617
Jhandewalan Hanuman Temple,,Tier V,28.64914739,77.20415768
Tomb of Tansen,,Tier V,26.23154293,78.17910087
Tadoba-Andhari Tiger Reserve,,Tier V,20.27181839,79.3875378
"The National Museum of Art, Osaka",,Tier V,34.69177702,135.4919872
Aiguille du Midi,,Tier V,45.87925907,6.88728042
YS Falls,,Tier V,18.15383751,-77.82370983
KidZania,,Tier V,25.19504483,55.2800733
San Cristóbal Hill,,Tier V,-33.42023936,-70.63138712
Betla National Park,,Tier V,23.88565846,84.19242358
Ghalib Ki Haveli,,Tier V,28.65429985,77.22559626
Krang Suri Waterfall,,Tier V,25.28787756,92.12516551
India International Centre,,Tier V,28.59361767,77.22271804
City Under The City,,Tier V,47.9016705,20.37161117
The Albert Memorial,,Tier V,51.50237799,-0.177704733
Nanda Devi National Park,,Tier V,30.65873523,79.83864812
Musée d'Art et d'Histoire,,Tier V,46.19924931,6.151413139
Karachi Press Club,,Tier V,24.85514722,67.02640359
Korlai Fort,,Tier V,18.5363033,72.90816195
Hells Gate National Park,,Tier V,-0.875800726,36.3173817
Ujjayanta Palace,,Tier V,23.83732086,91.28272026
Black River Gorges National Park,,Tier V,-20.42610166,57.45113794
Canada Place Cruise Ship Terminal,,Tier V,49.28751045,-123.1128563
Arg of Karim Khan,,Tier V,29.61766222,52.54468005
Hanbat Arboretum,,Tier V,36.36834632,127.3880134
Bora Bora,,Tier V,-16.50285868,-151.7410682
Khao Sam Roi Yot National Park,,Tier V,12.12857502,99.95378571
Moraine Lake,,Tier V,51.32204148,-116.1847117
Velliangiri Hills,,Tier V,10.9697063,76.72405681
Socotra,,Tier V,12.50039106,53.85108699
Udayagiri Caves,,Tier V,23.53625869,77.77215153
National Museum of Iceland,,Tier V,64.14160526,-21.94859138
8 Lakes,,Tier V,43.50693992,77.15602493
Hauz Khas Fort,Visited,Tier V,28.55321031,77.19357052
Rose Cafe,,Tier V,28.51777745,77.19831347
Udaygiri Caves,,Tier V,23.53628807,77.77215073
Balancing Rock,,Tier V,23.14844568,79.90490404
DMZ Museum,,Tier V,38.57643125,128.3825427
Odisha State Tribal Museum,,Tier V,20.28300206,85.80684939
Vienna Gate,,Tier V,47.50506169,19.03060905
Hallasan National Park,,Tier V,33.36063236,126.5358325
Turner Contemporary,,Tier V,51.39113445,1.381957613
Lake Bohinj,,Tier V,46.28334618,13.85845866
Ganina Yama,,Tier V,56.9419908,60.47316858
National Museum of the Republic of Kazakhstan,,Tier V,51.11847727,71.46968379
Turaida Museum Reserve,,Tier V,57.18674358,24.84774865
Akhnoor Fort,,Tier V,32.89574791,74.74038479
Cades Cove,,Tier V,35.5942566,-83.84186348
Angolkert,,Tier V,47.64953084,18.3314838
Bigorski Monastery St John the Baptist,,Tier V,41.62116766,20.60942134
Museum Island,,Tier V,52.51697057,13.40182121
Behular Bashor Ghor - Gokul Medh,,Tier V,24.93623006,89.33665207
Appu Ghar,,Tier V,28.46153802,77.0712392
Marassi Aquarium & Underwater Zoo,,Tier V,26.30358361,50.643353
Schilthorn - Piz Gloria,,Tier V,46.55723254,7.835191183
Gyarah Murti,Visited from Outside,Tier V,28.61002386,77.19168865
The Pahari Store,,Tier V,29.39025296,79.45493481
Cedars of God Bsharri,,Tier V,34.24383843,36.04888684
Arwah Cave,,Tier V,25.29863554,91.72636993
Slane Castle,,Tier V,53.70960235,-6.561476916
Cork City Gaol,,Tier V,51.89946272,-8.499022831
Uluṟu-Kata Tjuṯa National Park,,Tier V,-25.34363487,131.034471
BUNK'ART 1,,Tier V,41.34979069,19.86046079
Tutla Bhawani Waterfall,,Tier V,24.79496781,83.99754014
Karaikal Beach Park,,Tier V,10.91387595,79.85032754
Vank Cathedral,,Tier V,32.63502962,51.65563124
Parliament House,,Tier V,28.6172495,77.20819313
Gadwal Fort,,Tier V,16.23703057,77.79928347
Saona Island,,Tier V,18.15439395,-68.68559916
Rocky Mountains,,Tier V,45.16329623,-109.8424772
Budapest History Museum / Castle Museum,,Tier V,47.49514887,19.04028475
Fin Garden,,Tier V,33.94620063,51.37243373
Hvar,,Tier V,43.1633803,16.62194974
Nathula,,Tier V,27.386504,88.83084575
Taman Negara,,Tier V,4.634323556,102.4084785
Qutb-ud-Din Aibak's Tomb,,Tier V,31.57476815,74.31360743
People's History Museum,,Tier V,53.48141441,-2.252888496
Mehrauli Archaeological Park,,Tier V,28.52027518,77.18763037
Мавзолей В.И. Ленина на Красной площади,,Tier V,55.75369951,37.61986283
Geghard,,Tier V,40.14044114,44.81854063
McNay Art Museum,,Tier V,29.48567882,-98.457092
Bahla Fort,,Tier V,22.96435754,57.30021561
Jonha Falls,,Tier V,23.3423356,85.61017628
Jonha Falls,,Tier V,23.34229728,85.61021775
Playa Varadero,,Tier V,-2.723535392,-80.29996292
Na Muang Waterfall 1,,Tier V,9.466791597,99.98377222
JUNGLE SAFARI INDIA,,Tier V,28.62124716,77.28437946
Panna National Park,,Tier V,24.59047575,79.94167793
WWT London Wetland Centre,,Tier V,51.47615434,-0.234666813
Catedral Primada de las Américas de Santo Domingo,,Tier V,18.47305264,-69.88407093
Vigadó Concert Hall,,Tier V,47.49594238,19.04935021
Ahdoos Restaurant,,Tier V,34.07239906,74.81897421
Naddi View Point,,Tier V,32.25311703,76.30289433
Santa Lucía Hill,,Tier V,-33.44026783,-70.64331623
Shannon Falls Provincial Park,,Tier V,49.66557702,-123.1621759
Uluru,,Tier V,-25.34384346,131.0344062
Groeninge Museum,,Tier V,51.20520708,3.226655932
Oeschinen Lake,,Tier V,46.498456,7.726418488
Oeschinen Lake,,Tier V,46.49830768,7.727156005
St. Sebald - Sebalduskirche Nürnberg,,Tier V,49.45524412,11.07601912
Saif-ul-Maluk Lake,,Tier V,34.87733524,73.69385066
Van Nelle Factory BV,,Tier V,51.92323264,4.433438969
Atlas Mountains,,Tier V,35.19404905,0.28300834
Heritage Transport Museum,,Tier V,28.25291145,76.9243143
Kaas plateau,,Tier V,17.72117785,73.82417127
Jaldapara National Park,,Tier V,26.69055416,89.28054715
Ocean Rafting,,Tier V,-20.26393731,148.7134426
Jawaharlal Nehru Biological Park,,Tier V,23.68060139,86.15337133
Dhanushkodi Beach,,Tier V,9.218040103,79.35411766
Tomb of Hazrat Shah Rukn-e-Alam,,Tier V,30.19893131,71.47169984
Khan Chacha - Connaught Place,,Tier V,28.63407648,77.22083963
Government Museum and Art Gallery,,Tier V,30.74897633,76.78735081
Craters of the Moon,,Tier V,-38.64429375,176.0714325
Vallarta Botanical Gardens AC,,Tier V,20.46530947,-105.2920066
Ko Samui,,Tier V,9.518568302,100.0142307
Massanjore Dam,,Tier V,24.10627547,87.30769888
Grossglockner High Alpine Road,,Tier V,47.08332715,12.84275935
Park St,,Tier V,22.55410559,88.35134979
Children Traffic Park,,Tier V,30.74487457,76.76502303
Dolphin Water Park,,Tier V,27.23838601,77.86780714
Károlyi Garden,,Tier V,47.49209343,19.0597652
Munger Fort,,Tier V,25.37886256,86.4699475
Margaret Island Open-Air Stage,,Tier V,47.53042594,19.05006886
Manly Beach,,Tier V,-33.79624604,151.2883851
Pinnawala Elephant Orphanage,,Tier V,7.300863827,80.38886382
Hard Rock Café,,Tier V,28.62916077,77.21978163
Whakarewarewa - The Living Maori Village,,Tier V,-38.16112889,176.256487
Nasir al-Mulk Mosque,,Tier V,29.60867267,52.54856875
"Shaheed Chandra Shekhar Azad Bird Sanctuary, Nawabganj",,Tier V,26.61917613,80.65313905
Szemlő-hegyi Cave,,Tier V,47.52837332,19.0256774
Lake Reserved Forest,,Tier V,30.74583137,76.82737956
Airport Shuttle Express - Fiumicino Airport,,Tier V,41.79470856,12.25080192
Verzetsmuseum Amsterdam - Museum of WWII Resistance,,Tier V,52.36783961,4.912758165
Derawar Fort,,Tier V,28.76800736,71.33435361
Aggtelek National Park,,Tier V,48.50801243,20.54004203
Wilpattu National Park,,Tier V,8.458166328,80.05182945
Aoraki/Mount Cook National Park,,Tier V,-43.59465591,170.2623939
"The Singalila National Park - West Bengal, India",,Tier V,27.03965081,88.07498222
Paro Taktsang,,Tier V,27.48880699,89.35873842
Chehel Sotoon Palace,,Tier V,32.65730556,51.67171294
Rashtrapati Bhavan Musuem,Visited-Closes too early,Tier V,28.61889792,77.19666287
Austrian Parliament,,Tier V,48.20805024,16.35916159
Fatehpuri Masjid,,Tier V,28.65667709,77.22279206
Maasai Mara National Reserve,,Tier V,-1.482100221,35.12997887
Udawatta Kele Sanctuary,,Tier V,7.298879293,80.64240313
Coral Island,,Tier V,7.745132409,98.37557014
Palace Fronteira,,Tier V,38.74012213,-9.180379054
National Mattress Outlet Plus+,,Tier V,43.61522802,-79.57809559
"Clifton Beach, Karachi",,Tier V,24.80983831,67.01139329
Cactus Garden,,Tier V,30.69807515,76.8506331
The Ridge,,Tier V,31.10478149,77.17482053
Novotel Budapest Danube,,Tier V,47.50841201,19.03896806
Schloss Rosenburg,,Tier V,48.62824146,15.63457007
Aanamalai Tiger Reserve,,Tier V,10.40907031,77.12826744
Pusat Pemuliharaan Orang Utan Sepilok,,Tier V,5.870749405,117.9319452
Donegal Castle,,Tier V,54.65511864,-8.110674028
National Kandawgyi Gardens,,Tier V,21.99406808,96.46943768
Ludwig Museum,,Tier V,47.46963869,19.07099279
Lodh Waterfalls,,Tier V,23.48088884,84.01947703
Neuchâtel Castle,,Tier V,46.99196008,6.927180341
The Bowes Museum,,Tier V,54.54192957,-1.915703276
Nehru Planetarium,After Elections,Tier V,28.60382471,77.19804938
Nehru Museum & Planetarium,After Elections,Tier V,28.60375507,77.1981096
Pandav Caves and Fall,,Tier V,24.73068225,80.06655669
Confluence Park,,Tier V,39.75314816,-105.0130116
Phewa Lake,,Tier V,28.21649174,83.9453429
Gelati Monastery,,Tier V,42.29464397,42.76811933
Lake Dudhani End Point,,Tier V,20.18306685,73.15298813
Sri Maha Bodhi Viharaya,,Tier V,7.295644673,80.63093515
Shaheed Minar,,Tier V,22.56287688,88.34918817
Manthokha Waterfall Resort,,Tier V,35.06655305,75.99548571
Iga-ryu Ninja Museum,,Tier V,34.7718206,136.1291059
Titlis,,Tier V,46.77210242,8.43769618
Niavaran Palace Complex,,Tier V,35.81115631,51.47259391
Titlis,,Tier V,46.77204889,8.437740924
Zwack Unicum Museum,,Tier V,47.47592261,19.06970481
Mahabaleshwar Hill Station,,Tier V,17.93071806,73.64771274
Ramshej Fort,,Tier V,20.11218891,73.76733621
Aharbal Waterfall,,Tier V,33.64908922,74.78342533
Kuno National Park,,Tier V,25.74592549,77.10504537
Isa Khan's Tomb,,Tier V,28.59230329,77.24619395
Udaygiri Caves,,Tier V,23.53624889,77.7721302
Bandhavgarh Tiger Reserve,,Tier V,23.72233911,81.02327674
Bandhavgarh Tiger Reserve,,Tier V,23.72218178,81.02336262
Swargadwar Sea Beach,,Tier V,19.79197653,85.81573082
